編號,詞語,發音,音檔
1,-가,,
6,가게,ga**ː**ge,https://krdicmedia.korean.go.kr/multimedia/multimedia_files/convert/20160913/30000/21000/295343/SND000304697.mp3
7,가겟집,ga**ː**gejjip,https://krdicmedia.korean.go.kr/multimedia/multimedia_files/convert/20170223/442979/SND000027752.mp3
11,가격,,https://krdicmedia.korean.go.kr/multimedia/multimedia_files/convert/20170223/442851/SND000020389.mp3
12,가격표,,https://krdicmedia.korean.go.kr/multimedia/multimedia_files/convert/20120306/39528/SND000028231.mp3
16,가구,,https://krdicmedia.korean.go.kr/multimedia/multimedia_files/convert/20170223/442850/SND000020379.mp3
17,가구점,,https://krdicmedia.korean.go.kr/multimedia/multimedia_files/convert/20120306/39512/SND000028215.mp3
18,가까워지다,,https://krdicmedia.korean.go.kr/multimedia/multimedia_files/convert/20160913/30000/21000/316356/SND000325710.mp3
19,가까이,,https://krdicmedia.korean.go.kr/multimedia/multimedia_files/convert/20160913/30000/21000/318888/SND000328242.mp3
20,가까이하다,,https://krdicmedia.korean.go.kr/multimedia/multimedia_files/convert/20160913/30000/21000/300884/SND000310238.mp3
21,가깝다,,https://krdicmedia.korean.go.kr/multimedia/multimedia_files/convert/20120222/31789/SND000020492.mp3
26,가꾸다,,https://krdicmedia.korean.go.kr/multimedia/multimedia_files/convert/20170223/442872/SND000020510.mp3
31,가끔,,https://krdicmedia.korean.go.kr/multimedia/multimedia_files/convert/20160913/20000/17000/321471/SND000330825.mp3
32,가늘다,,https://krdicmedia.korean.go.kr/multimedia/multimedia_files/convert/20170223/442922/SND000020941.mp3
36,가다,,https://krdicmedia.korean.go.kr/multimedia/multimedia_files/convert/20160913/30000/21000/301272/SND000310626.mp3
37,가득,,https://krdicmedia.korean.go.kr/multimedia/multimedia_files/convert/20170223/442837/SND000019976.mp3
38,가루비누,,https://krdicmedia.korean.go.kr/multimedia/multimedia_files/convert/20160913/30000/21000/294105/SND000303459.mp3
39,가루약,,https://krdicmedia.korean.go.kr/multimedia/multimedia_files/convert/20120308/40292/SND000028995.mp3
41,가르치다,,https://krdicmedia.korean.go.kr/multimedia/multimedia_files/convert/20170223/442957/SND000021280.mp3
40,가리키다,,https://krdicmedia.korean.go.kr/multimedia/multimedia_files/convert/20170223/442961/SND000021293.mp3
46,가방,,https://krdicmedia.korean.go.kr/multimedia/multimedia_files/convert/20170223/442828/SND000019932.mp3
47,가벼워지다,,https://krdicmedia.korean.go.kr/multimedia/multimedia_files/convert/20160913/30000/21000/343095/SND000352449.mp3
51,가볍다,,https://krdicmedia.korean.go.kr/multimedia/multimedia_files/convert/20120222/31246/SND000019949.mp3
56,가수,,https://krdicmedia.korean.go.kr/multimedia/multimedia_files/convert/20160913/20000/17000/318600/SND000327954.mp3
61,가슴,,https://krdicmedia.korean.go.kr/multimedia/multimedia_files/convert/20170223/442969/SND000021348.mp3
66,가요,,https://krdicmedia.korean.go.kr/multimedia/multimedia_files/convert/20170223/442978/SND000021410.mp3
71,가운데,,https://krdicmedia.korean.go.kr/multimedia/multimedia_files/convert/20160913/20000/17000/307982/SND000317336.mp3
76,가위,,https://krdicmedia.korean.go.kr/multimedia/multimedia_files/convert/20170223/443018/SND000029014.mp3
77,가위바위보,,https://krdicmedia.korean.go.kr/multimedia/multimedia_files/convert/20170223/442977/SND000021400.mp3
78,가위질하다,,https://krdicmedia.korean.go.kr/multimedia/multimedia_files/convert/20120308/40313/SND000029016.mp3
81,가을,,https://krdicmedia.korean.go.kr/multimedia/multimedia_files/convert/20170223/442841/SND000020336.mp3
82,가이드,,
86,가장,,https://krdicmedia.korean.go.kr/multimedia/multimedia_files/convert/20170223/442857/SND000020408.mp3
87,가전,,https://krdicmedia.korean.go.kr/multimedia/multimedia_files/convert/20170223/442858/SND000020415.mp3
91,가져가다,,https://krdicmedia.korean.go.kr/multimedia/multimedia_files/convert/20120222/31711/SND000020414.mp3
96,가져오다,,https://krdicmedia.korean.go.kr/multimedia/multimedia_files/convert/20120222/31735/SND000020438.mp3
101,가족,,https://krdicmedia.korean.go.kr/multimedia/multimedia_files/convert/20170223/442863/SND000020461.mp3
106,가지,,https://krdicmedia.korean.go.kr/multimedia/multimedia_files/convert/20170223/442861/SND000020440.mp3
111,가지다,,https://krdicmedia.korean.go.kr/multimedia/multimedia_files/convert/20160913/30000/21000/321495/SND000330849.mp3
116,가짜,ga**ː**jja,https://krdicmedia.korean.go.kr/multimedia/multimedia_files/convert/20160913/50000/44000/319976/SND000329330.mp3
121,각,,https://krdicmedia.korean.go.kr/multimedia/multimedia_files/convert/20170223/442865/SND000020476.mp3
121,각각,,https://krdicmedia.korean.go.kr/multimedia/multimedia_files/convert/20120222/31794/SND000020497.mp3
126,간,,https://krdicmedia.korean.go.kr/multimedia/multimedia_files/convert/20170223/442919/SND000020904.mp3
131,간단하다,,https://krdicmedia.korean.go.kr/multimedia/multimedia_files/convert/20160913/50000/45000/326728/SND000336082.mp3
136,간단히,,https://krdicmedia.korean.go.kr/multimedia/multimedia_files/convert/20160913/50000/45000/295012/SND000304366.mp3
141,간식,gan**ː**sig,https://krdicmedia.korean.go.kr/multimedia/multimedia_files/convert/20160913/50000/46000/326729/SND000336083.mp3
146,간장,,https://krdicmedia.korean.go.kr/multimedia/multimedia_files/convert/20170223/442936/SND000021156.mp3
151,간호사,,https://krdicmedia.korean.go.kr/multimedia/multimedia_files/convert/20160913/50000/46000/302590/SND000311944.mp3
152,간호원,,https://krdicmedia.korean.go.kr/multimedia/multimedia_files/convert/20120224/32450/SND000021153.mp3
156,갈비,,https://krdicmedia.korean.go.kr/multimedia/multimedia_files/convert/20170223/442875/SND000020546.mp3
161,갈비탕,,https://krdicmedia.korean.go.kr/multimedia/multimedia_files/convert/20160913/10000/01000/293789/SND000303143.mp3
166,갈색,,https://krdicmedia.korean.go.kr/multimedia/multimedia_files/convert/20120223/31905/SND000020608.mp3
167,갈아입다,,https://krdicmedia.korean.go.kr/multimedia/multimedia_files/convert/20120224/32565/SND000021268.mp3
171,갈아타다,,https://krdicmedia.korean.go.kr/multimedia/multimedia_files/convert/20120224/32575/SND000021278.mp3
176,감,gam**ː**,https://krdicmedia.korean.go.kr/multimedia/multimedia_files/convert/20160913/30000/21000/326735/SND000336089.mp3
181,감기,gam**ː**gi,https://krdicmedia.korean.go.kr/multimedia/multimedia_files/convert/20160913/50000/46000/301262/SND000310616.mp3
186,감기약,gam**ː**giyag,https://krdicmedia.korean.go.kr/multimedia/multimedia_files/convert/20160913/50000/46000/295309/SND000304663.mp3
191,감다,gam**ː**tta,https://krdicmedia.korean.go.kr/multimedia/multimedia_files/convert/20160913/30000/21000/308303/SND000317657.mp3
196,감동,gam**ː**dong,https://krdicmedia.korean.go.kr/multimedia/multimedia_files/convert/20160913/50000/46000/326736/SND000336090.mp3
201,감동하다,gam**ː**donghada,https://krdicmedia.korean.go.kr/multimedia/multimedia_files/convert/20160913/50000/46000/296302/SND000305656.mp3
206,감사,gam**ː**sa,https://krdicmedia.korean.go.kr/multimedia/multimedia_files/convert/20160913/50000/46000/308418/SND000317772.mp3
211,감사드립니다,gam**ː**sadeuri**m**nida,
216,감사하다,gam**ː**sahada,
221,감사합니다,gam**ː**saha**m**nida,
222,감상,gam**ː**sang,https://krdicmedia.korean.go.kr/multimedia/multimedia_files/convert/20120223/31989/SND000020692.mp3
226,감자,,https://krdicmedia.korean.go.kr/multimedia/multimedia_files/convert/20170223/442905/SND000020782.mp3
231,감자탕,,https://krdicmedia.korean.go.kr/multimedia/multimedia_files/convert/20160913/10000/01000/294149/SND000303503.mp3
236,갑자기,,https://krdicmedia.korean.go.kr/multimedia/multimedia_files/convert/20120224/32515/SND000021218.mp3
241,값,ga**p**,https://krdicmedia.korean.go.kr/multimedia/multimedia_files/convert/20170223/442949/SND000021211.mp3
246,강,,https://krdicmedia.korean.go.kr/multimedia/multimedia_files/convert/20170223/442924/SND000021023.mp3
247,강냉이,,https://krdicmedia.korean.go.kr/multimedia/multimedia_files/convert/20170223/442931/SND000021090.mp3
251,강아지,,https://krdicmedia.korean.go.kr/multimedia/multimedia_files/convert/20120223/32321/SND000021024.mp3
256,강의,gang**ː**ui,https://krdicmedia.korean.go.kr/multimedia/multimedia_files/convert/20160913/40000/32000/294602/SND000303956.mp3
261,강좌,gang**ː**jwa,https://krdicmedia.korean.go.kr/multimedia/multimedia_files/convert/20160913/40000/32000/296618/SND000305972.mp3
263,강하다,,https://krdicmedia.korean.go.kr/multimedia/multimedia_files/convert/20160913/40000/32000/320303/SND000329657.mp3
266,갖다,,https://krdicmedia.korean.go.kr/multimedia/multimedia_files/convert/20120224/32689/SND000021392.mp3
271,같다,,https://krdicmedia.korean.go.kr/multimedia/multimedia_files/convert/20120224/32689/SND000021392.mp3
273,같아지다,,https://krdicmedia.korean.go.kr/multimedia/multimedia_files/convert/20120224/32675/SND000021378.mp3
276,같이,,https://krdicmedia.korean.go.kr/multimedia/multimedia_files/convert/20170223/442831/SND000019954.mp3
279,갚다 ,,https://krdicmedia.korean.go.kr/multimedia/multimedia_files/convert/20120224/32545/SND000021248.mp3
281,개,gae**ː**,https://krdicmedia.korean.go.kr/multimedia/multimedia_files/convert/20160913/30000/21000/320396/SND000329750.mp3
282,개,,https://krdicmedia.korean.go.kr/multimedia/multimedia_files/convert/20120222/31441/SND000020144.mp3
286,개나리,gae**ː**nali,https://krdicmedia.korean.go.kr/multimedia/multimedia_files/convert/20160913/30000/21000/320854/SND000330208.mp3
291,개미,gae**ː**mi,https://krdicmedia.korean.go.kr/multimedia/multimedia_files/convert/20160913/30000/21000/294648/SND000304002.mp3
296,개월,,https://krdicmedia.korean.go.kr/multimedia/multimedia_files/convert/20120222/31654/SND000020357.mp3
301,개인,gae**ː**in,https://krdicmedia.korean.go.kr/multimedia/multimedia_files/convert/20160913/40000/33000/316557/SND000325911.mp3
306,거기,,https://krdicmedia.korean.go.kr/multimedia/multimedia_files/convert/20120224/32970/SND000021673.mp3
316,거리,,https://krdicmedia.korean.go.kr/multimedia/multimedia_files/convert/20120225/33271/SND000021974.mp3
321,거미,,https://krdicmedia.korean.go.kr/multimedia/multimedia_files/convert/20120225/33095/SND000021798.mp3
326,거스름돈,,https://krdicmedia.korean.go.kr/multimedia/multimedia_files/convert/20120225/33289/SND000021992.mp3
331,거실,,https://krdicmedia.korean.go.kr/multimedia/multimedia_files/convert/20120225/33291/SND000021994.mp3
336,거울,,https://krdicmedia.korean.go.kr/multimedia/multimedia_files/convert/20120225/33321/SND000022024.mp3
341,거의,,https://krdicmedia.korean.go.kr/multimedia/multimedia_files/convert/20120225/33320/SND000022023.mp3
342,거절,geo**ː**jeol,https://krdicmedia.korean.go.kr/multimedia/multimedia_files/convert/20160913/40000/34000/296915/SND000306269.mp3
343,거절되다,geo**ː**jeoldoeda,https://krdicmedia.korean.go.kr/multimedia/multimedia_files/convert/20160913/40000/34000/296917/SND000306271.mp3
344,거절하다,geo**ː**jeolhada,https://krdicmedia.korean.go.kr/multimedia/multimedia_files/convert/20160913/40000/34000/294747/SND000304101.mp3
346,거짓말,geo**ː**ji**n**mal,https://krdicmedia.korean.go.kr/multimedia/multimedia_files/convert/20160913/30000/22000/301200/SND000310554.mp3
347,거짓말하다,geo**ː**ji**n**malhada,https://krdicmedia.korean.go.kr/multimedia/multimedia_files/convert/20160913/30000/22000/296946/SND000306300.mp3
351,걱정,,https://krdicmedia.korean.go.kr/multimedia/multimedia_files/convert/20120224/32984/SND000021687.mp3
352,걱정되다,,https://krdicmedia.korean.go.kr/multimedia/multimedia_files/convert/20120224/32985/SND000021688.mp3
356,걱정하다,,https://krdicmedia.korean.go.kr/multimedia/multimedia_files/convert/20120224/32988/SND000021691.mp3
361,건강,geon**ː**gang,https://krdicmedia.korean.go.kr/multimedia/multimedia_files/convert/20160913/40000/34000/304151/SND000313505.mp3
366,건강하다,geon**ː**ganghada,https://krdicmedia.korean.go.kr/multimedia/multimedia_files/convert/20160913/40000/34000/295349/SND000304703.mp3
371,건너가다,geon**ː**neogada,https://krdicmedia.korean.go.kr/multimedia/multimedia_files/convert/20160913/30000/22000/316559/SND000325913.mp3
376,건너다,geon**ː**neoda,https://krdicmedia.korean.go.kr/multimedia/multimedia_files/convert/20160913/20000/13000/311097/SND000320451.mp3
377,건너오다,geon**ː**neooda,https://krdicmedia.korean.go.kr/multimedia/multimedia_files/convert/20160913/30000/22000/311521/SND000320875.mp3
381,건너편,geon**ː**neopyeon,https://krdicmedia.korean.go.kr/multimedia/multimedia_files/convert/20160913/10000/01000/308369/SND000317723.mp3
386,건물,geon**ː**mul,https://krdicmedia.korean.go.kr/multimedia/multimedia_files/convert/20160913/40000/34000/300874/SND000310228.mp3
391,건배,,https://krdicmedia.korean.go.kr/multimedia/multimedia_files/convert/20120225/33193/SND000021896.mp3
396,걷다,geod**ː**tta,https://krdicmedia.korean.go.kr/multimedia/multimedia_files/convert/20160913/30000/22000/301417/SND000310771.mp3
401,걸다,geol**ː**da,https://krdicmedia.korean.go.kr/multimedia/multimedia_files/convert/20120225/33001/SND000021704.mp3
406,걸리다,,https://krdicmedia.korean.go.kr/multimedia/multimedia_files/convert/20160913/30000/22000/339157/SND000348511.mp3
411,걸어가다,,https://krdicmedia.korean.go.kr/multimedia/multimedia_files/convert/20120225/33260/SND000021963.mp3
416,걸어오다,,https://krdicmedia.korean.go.kr/multimedia/multimedia_files/convert/20120225/33261/SND000021964.mp3
417,걸음,,https://krdicmedia.korean.go.kr/multimedia/multimedia_files/convert/20120308/40608/SND000029311.mp3
418,검사,,https://krdicmedia.korean.go.kr/multimedia/multimedia_files/convert/20160913/40000/34000/295323/SND000304677.mp3
419,검사하다,geom**ː**sahada,https://krdicmedia.korean.go.kr/multimedia/multimedia_files/convert/20160913/40000/34000/299084/SND000308438.mp3
421,검은색,,https://krdicmedia.korean.go.kr/multimedia/multimedia_files/convert/20120225/33093/SND000021796.mp3
422,검정,,https://krdicmedia.korean.go.kr/multimedia/multimedia_files/convert/20120308/40529/SND000029232.mp3
426,것,,https://krdicmedia.korean.go.kr/multimedia/multimedia_files/convert/20120225/33295/SND000021998.mp3
427,겉,,https://krdicmedia.korean.go.kr/multimedia/multimedia_files/convert/20120225/33295/SND000021998.mp3
431,게,,
432,게스트,,
433,게으르다,,https://krdicmedia.korean.go.kr/multimedia/multimedia_files/convert/20120224/32820/SND000021523.mp3
434,게이머,,
441,게임,,
442,게임기,,
443,게임방,,
451,겨울,,https://krdicmedia.korean.go.kr/multimedia/multimedia_files/convert/20120304/37989/SND000026692.mp3
456,겨울방학,,
466,결과,,https://krdicmedia.korean.go.kr/multimedia/multimedia_files/convert/20120303/37456/SND000026159.mp3
471,결석하다,,https://krdicmedia.korean.go.kr/multimedia/multimedia_files/convert/20120303/37525/SND000026228.mp3
472,결심,,https://krdicmedia.korean.go.kr/multimedia/multimedia_files/convert/20120303/37541/SND000026244.mp3
473,결심하다,,https://krdicmedia.korean.go.kr/multimedia/multimedia_files/convert/20120303/37542/SND000026245.mp3
476,결정,,https://krdicmedia.korean.go.kr/multimedia/multimedia_files/convert/20120312/42769/SND000031472.mp3
477,결정되다,,https://krdicmedia.korean.go.kr/multimedia/multimedia_files/convert/20120312/42770/SND000031473.mp3
481,결정하다,,https://krdicmedia.korean.go.kr/multimedia/multimedia_files/convert/20120312/42772/SND000031475.mp3
486,결혼,,https://krdicmedia.korean.go.kr/multimedia/multimedia_files/convert/20120303/37469/SND000026172.mp3
491,결혼식,,https://krdicmedia.korean.go.kr/multimedia/multimedia_files/convert/20160913/40000/37000/302707/SND000312061.mp3
496,결혼하다,,https://krdicmedia.korean.go.kr/multimedia/multimedia_files/convert/20120303/37472/SND000026175.mp3
501,경기,gyeongl**ː**gi,https://krdicmedia.korean.go.kr/multimedia/multimedia_files/convert/20160913/40000/38000/316562/SND000325916.mp3
506,경기장,gyeongl**ː**gijang,https://krdicmedia.korean.go.kr/multimedia/multimedia_files/convert/20160913/40000/38000/302989/SND000312343.mp3
507,경기하다,gyeongl**ː**gihada,https://krdicmedia.korean.go.kr/multimedia/multimedia_files/convert/20160913/40000/38000/302990/SND000312344.mp3
521,경찰,gyeong**ː**chal,https://krdicmedia.korean.go.kr/multimedia/multimedia_files/convert/20160913/50000/41000/299649/SND000309003.mp3
526,경찰관,gyeong**ː**chalgwan,https://krdicmedia.korean.go.kr/multimedia/multimedia_files/convert/20160913/50000/41000/299650/SND000309004.mp3
531,경찰서,gyeong**ː**chalsseo,https://krdicmedia.korean.go.kr/multimedia/multimedia_files/convert/20160913/50000/41000/299662/SND000309016.mp3
536,경치,,https://krdicmedia.korean.go.kr/multimedia/multimedia_files/convert/20120312/42864/SND000031567.mp3
541,경험,,https://krdicmedia.korean.go.kr/multimedia/multimedia_files/convert/20120312/42886/SND000031589.mp3
542,경험되다,,https://krdicmedia.korean.go.kr/multimedia/multimedia_files/convert/20160913/50000/41000/299721/SND000309075.mp3
543,경험하다,,https://krdicmedia.korean.go.kr/multimedia/multimedia_files/convert/20160913/50000/41000/299736/SND000309090.mp3
546,계단,,https://krdicmedia.korean.go.kr/multimedia/multimedia_files/convert/20120312/42697/SND000031400.mp3
551,계란,,https://krdicmedia.korean.go.kr/multimedia/multimedia_files/convert/20120304/38005/SND000026708.mp3
552,계산,gye**ː**san,https://krdicmedia.korean.go.kr/multimedia/multimedia_files/convert/20160913/50000/42000/299840/SND000309194.mp3
556,계산하다,gye**ː**sanhada,https://krdicmedia.korean.go.kr/multimedia/multimedia_files/convert/20160913/50000/42000/318898/SND000328252.mp3
561,계속,gye**ː**sog,https://krdicmedia.korean.go.kr/multimedia/multimedia_files/convert/20160913/50000/43000/295489/SND000304843.mp3
562,계속되다,gye**ː**sogttoeda,https://krdicmedia.korean.go.kr/multimedia/multimedia_files/convert/20120303/37343/SND000026046.mp3
563,계속하다,gye**ː**soghada,https://krdicmedia.korean.go.kr/multimedia/multimedia_files/convert/20160913/50000/43000/295517/SND000304871.mp3
566,계시다,gye**ː**sida,https://krdicmedia.korean.go.kr/multimedia/multimedia_files/convert/20160913/30000/22000/295563/SND000304917.mp3
571,계절,gye**ː**jeol,https://krdicmedia.korean.go.kr/multimedia/multimedia_files/convert/20160913/50000/43000/297520/SND000306874.mp3
572,계좌번호,,
581,계획,gye**ː**hoeg,https://krdicmedia.korean.go.kr/multimedia/multimedia_files/convert/20160913/50000/44000/297987/SND000307341.mp3
582,계획되다,gye**ː**hoegttoeda,https://krdicmedia.korean.go.kr/multimedia/multimedia_files/convert/20160913/50000/44000/298001/SND000307355.mp3
583,계획하다,gye**ː**hoeghada,https://krdicmedia.korean.go.kr/multimedia/multimedia_files/convert/20160913/50000/44000/318912/SND000328266.mp3
586,-고,,
587,고개,,https://krdicmedia.korean.go.kr/multimedia/multimedia_files/convert/20120228/34819/SND000023522.mp3
588,고구마,go**ː**guma,https://krdicmedia.korean.go.kr/multimedia/multimedia_files/convert/20160913/30000/22000/300885/SND000310239.mp3
591,고기,,https://krdicmedia.korean.go.kr/multimedia/multimedia_files/convert/20160913/40000/34000/295127/SND000304481.mp3
596,고등학교,,https://krdicmedia.korean.go.kr/multimedia/multimedia_files/convert/20120227/34759/SND000023462.mp3
601,고등학생,,https://krdicmedia.korean.go.kr/multimedia/multimedia_files/convert/20120309/41334/SND000030037.mp3
606,고르다,,https://krdicmedia.korean.go.kr/multimedia/multimedia_files/convert/20120229/35605/SND000024308.mp3
616,고맙다,go**ː**mabtta,https://krdicmedia.korean.go.kr/multimedia/multimedia_files/convert/20160913/30000/22000/296770/SND000306124.mp3
626,고모,,https://krdicmedia.korean.go.kr/multimedia/multimedia_files/convert/20120228/35072/SND000023775.mp3
631,고모부,,https://krdicmedia.korean.go.kr/multimedia/multimedia_files/convert/20160913/50000/45000/296782/SND000306136.mp3
632,고민,,https://krdicmedia.korean.go.kr/multimedia/multimedia_files/convert/20120228/35067/SND000023770.mp3
633,고민되다,,https://krdicmedia.korean.go.kr/multimedia/multimedia_files/convert/20160913/50000/45000/296347/SND000305701.mp3
634,고민하다,,https://krdicmedia.korean.go.kr/multimedia/multimedia_files/convert/20160913/50000/45000/296359/SND000305713.mp3
636,고속버스,,
641,고양이,,https://krdicmedia.korean.go.kr/multimedia/multimedia_files/convert/20120229/35697/SND000024400.mp3
646,고장,go**ː**jang,https://krdicmedia.korean.go.kr/multimedia/multimedia_files/convert/20160913/40000/33000/296269/SND000305623.mp3
651,고추,,https://krdicmedia.korean.go.kr/multimedia/multimedia_files/convert/20120227/34734/SND000023437.mp3
656,고추장,,https://krdicmedia.korean.go.kr/multimedia/multimedia_files/convert/20160913/50000/48000/295883/SND000305237.mp3
661,고치다,,https://krdicmedia.korean.go.kr/multimedia/multimedia_files/convert/20120227/34726/SND000023429.mp3
666,고프다,,https://krdicmedia.korean.go.kr/multimedia/multimedia_files/convert/20120310/41813/SND000030516.mp3
671,고향,,https://krdicmedia.korean.go.kr/multimedia/multimedia_files/convert/20120228/34902/SND000023605.mp3
676,곧,,https://krdicmedia.korean.go.kr/multimedia/multimedia_files/convert/20120310/41886/SND000030589.mp3
681,골목,gol**ː**mog,https://krdicmedia.korean.go.kr/multimedia/multimedia_files/convert/20160913/30000/22000/295867/SND000305221.mp3
686,골프,,
691,곰,gom**ː**,https://krdicmedia.korean.go.kr/multimedia/multimedia_files/convert/20160913/30000/22000/300727/SND000310081.mp3
696,곱다,gob**ː**tta,https://krdicmedia.korean.go.kr/multimedia/multimedia_files/convert/20160913/30000/22000/298934/SND000308288.mp3
701,곳,,https://krdicmedia.korean.go.kr/multimedia/multimedia_files/convert/20120310/41886/SND000030589.mp3
706,공,gong**ː**,https://krdicmedia.korean.go.kr/multimedia/multimedia_files/convert/20160913/30000/22000/296532/SND000305886.mp3
711,공간,,https://krdicmedia.korean.go.kr/multimedia/multimedia_files/convert/20120228/35347/SND000024050.mp3
716,공기,,https://krdicmedia.korean.go.kr/multimedia/multimedia_files/convert/20120228/35352/SND000024055.mp3
721,공무원,,https://krdicmedia.korean.go.kr/multimedia/multimedia_files/convert/20160913/40000/36000/297899/SND000307253.mp3
726,공부,,https://krdicmedia.korean.go.kr/multimedia/multimedia_files/convert/20120228/35297/SND000024000.mp3
731,공부하다,,https://krdicmedia.korean.go.kr/multimedia/multimedia_files/convert/20160913/40000/37000/298070/SND000307424.mp3
736,공연,,https://krdicmedia.korean.go.kr/multimedia/multimedia_files/convert/20120229/35547/SND000024250.mp3
741,공원,,https://krdicmedia.korean.go.kr/multimedia/multimedia_files/convert/20120229/35536/SND000024239.mp3
742,공장,,https://krdicmedia.korean.go.kr/multimedia/multimedia_files/convert/20160913/40000/38000/318811/SND000328165.mp3
746,공중전화,,https://krdicmedia.korean.go.kr/multimedia/multimedia_files/convert/20160913/40000/38000/298220/SND000307574.mp3
751,공짜,,https://krdicmedia.korean.go.kr/multimedia/multimedia_files/convert/20120229/35427/SND000024130.mp3
756,공책,,https://krdicmedia.korean.go.kr/multimedia/multimedia_files/convert/20120310/41635/SND000030338.mp3
761,공항,,https://krdicmedia.korean.go.kr/multimedia/multimedia_files/convert/20120310/41693/SND000030396.mp3
766,공휴일,,https://krdicmedia.korean.go.kr/multimedia/multimedia_files/convert/20160913/40000/38000/300332/SND000309686.mp3
776,과,,https://krdicmedia.korean.go.kr/multimedia/multimedia_files/convert/20120302/36622/SND000025325.mp3
771,-과,,
781,과거,gwa**ː**geo,https://krdicmedia.korean.go.kr/multimedia/multimedia_files/convert/20160913/40000/38000/300358/SND000309712.mp3
786,과일,gwa**ː**il,https://krdicmedia.korean.go.kr/multimedia/multimedia_files/convert/20160913/30000/22000/295776/SND000305130.mp3
791,과자,,https://krdicmedia.korean.go.kr/multimedia/multimedia_files/convert/20120302/36666/SND000025369.mp3
796,과학,,https://krdicmedia.korean.go.kr/multimedia/multimedia_files/convert/20120302/36647/SND000025350.mp3
801,관계,,https://krdicmedia.korean.go.kr/multimedia/multimedia_files/convert/20120311/42462/SND000031165.mp3
802,관계되다,,https://krdicmedia.korean.go.kr/multimedia/multimedia_files/convert/20120311/42463/SND000031166.mp3
803,관광,,https://krdicmedia.korean.go.kr/multimedia/multimedia_files/convert/20120302/36896/SND000025599.mp3
806,관광지,,https://krdicmedia.korean.go.kr/multimedia/multimedia_files/convert/20160913/40000/39000/297440/SND000306794.mp3
811,관광하다,,https://krdicmedia.korean.go.kr/multimedia/multimedia_files/convert/20160913/40000/39000/297433/SND000306787.mp3
812,관광호텔,,
816,관심,,https://krdicmedia.korean.go.kr/multimedia/multimedia_files/convert/20120302/36989/SND000025692.mp3
821,광고,gwang**ː**go,https://krdicmedia.korean.go.kr/multimedia/multimedia_files/convert/20160913/40000/40000/318796/SND000328150.mp3
822,광고하다,gwang**ː**gohada,https://krdicmedia.korean.go.kr/multimedia/multimedia_files/convert/20160913/40000/40000/302662/SND000312016.mp3
826,괜찮다,,https://krdicmedia.korean.go.kr/multimedia/multimedia_files/convert/20120302/36633/SND000025336.mp3
836,교과서,gyo**ː**gwaseo,https://krdicmedia.korean.go.kr/multimedia/multimedia_files/convert/20160913/50000/41000/301261/SND000310615.mp3
837,교사,gyo**ː**sa,https://krdicmedia.korean.go.kr/multimedia/multimedia_files/convert/20120304/38084/SND000026787.mp3
841,교수,gyo**ː**su,https://krdicmedia.korean.go.kr/multimedia/multimedia_files/convert/20160913/50000/41000/302726/SND000312080.mp3
846,교실,gyo**ː**sil,https://krdicmedia.korean.go.kr/multimedia/multimedia_files/convert/20160913/50000/41000/320777/SND000330131.mp3
847,교육,gyo**ː**yug,https://krdicmedia.korean.go.kr/multimedia/multimedia_files/convert/20160913/50000/41000/311874/SND000321228.mp3
848,교육되다,gyo**ː**yugttoeda,https://krdicmedia.korean.go.kr/multimedia/multimedia_files/convert/20160913/50000/41000/303084/SND000312438.mp3
849,교육하다,gyo**ː**yughada,https://krdicmedia.korean.go.kr/multimedia/multimedia_files/convert/20160913/50000/41000/303661/SND000313015.mp3
851,교체,,https://krdicmedia.korean.go.kr/multimedia/multimedia_files/convert/20120304/38146/SND000026849.mp3
856,교통,,https://krdicmedia.korean.go.kr/multimedia/multimedia_files/convert/20120304/38228/SND000026931.mp3
861,교통사고,,https://krdicmedia.korean.go.kr/multimedia/multimedia_files/convert/20160913/50000/41000/303898/SND000313252.mp3
862,교환,,https://krdicmedia.korean.go.kr/multimedia/multimedia_files/convert/20120304/38173/SND000026876.mp3
863,교환되다,,https://krdicmedia.korean.go.kr/multimedia/multimedia_files/convert/20120312/43049/SND000031752.mp3
864,교환하다,,https://krdicmedia.korean.go.kr/multimedia/multimedia_files/convert/20160913/50000/41000/298475/SND000307829.mp3
866,교회,gyo**ː**hoe,https://krdicmedia.korean.go.kr/multimedia/multimedia_files/convert/20160913/30000/22000/320663/SND000330017.mp3
871,구,,https://krdicmedia.korean.go.kr/multimedia/multimedia_files/convert/20160913/50000/41000/303551/SND000312905.mp3
876,구경,gu**ː**gyeong,https://krdicmedia.korean.go.kr/multimedia/multimedia_files/convert/20160913/30000/22000/320794/SND000330148.mp3
881,구경하다,gu**ː**gyeonghada,https://krdicmedia.korean.go.kr/multimedia/multimedia_files/convert/20160913/30000/22000/318747/SND000328101.mp3
886,구두,,https://krdicmedia.korean.go.kr/multimedia/multimedia_files/convert/20120229/35892/SND000024595.mp3
891,구름,,https://krdicmedia.korean.go.kr/multimedia/multimedia_files/convert/20120301/36416/SND000025119.mp3
896,구십,,https://krdicmedia.korean.go.kr/multimedia/multimedia_files/convert/20160913/50000/42000/341657/SND000351011.mp3
901,구월,,https://krdicmedia.korean.go.kr/multimedia/multimedia_files/convert/20120301/36513/SND000025216.mp3
906,구하다,,https://krdicmedia.korean.go.kr/multimedia/multimedia_files/convert/20160913/50000/41000/314829/SND000324183.mp3
911,국,,https://krdicmedia.korean.go.kr/multimedia/multimedia_files/convert/20120229/35998/SND000024701.mp3
916,국내,gu**ng**nae,https://krdicmedia.korean.go.kr/multimedia/multimedia_files/convert/20120301/36277/SND000024980.mp3
921,국립,gu**ngn**ip,https://krdicmedia.korean.go.kr/multimedia/multimedia_files/convert/20120301/36289/SND000024992.mp3
926,국수,,https://krdicmedia.korean.go.kr/multimedia/multimedia_files/convert/20120301/36078/SND000024781.mp3
931,국어,,https://krdicmedia.korean.go.kr/multimedia/multimedia_files/convert/20120229/35905/SND000024608.mp3
936,국적,,https://krdicmedia.korean.go.kr/multimedia/multimedia_files/convert/20120301/36012/SND000024715.mp3
941,국제,,https://krdicmedia.korean.go.kr/multimedia/multimedia_files/convert/20120311/42071/SND000030774.mp3
946,군인,,https://krdicmedia.korean.go.kr/multimedia/multimedia_files/convert/20120311/42177/SND000030880.mp3
947,굵다,gu**gː**tta,https://krdicmedia.korean.go.kr/multimedia/multimedia_files/convert/20160913/30000/22000/341557/SND000350911.mp3
951,굽다,gub**ː**tta,https://krdicmedia.korean.go.kr/multimedia/multimedia_files/convert/20160913/30000/22000/316566/SND000325920.mp3
952,궁금하다,,https://krdicmedia.korean.go.kr/multimedia/multimedia_files/convert/20160913/20000/13000/303668/SND000313022.mp3
956,권,,https://krdicmedia.korean.go.kr/multimedia/multimedia_files/convert/20120312/42633/SND000031336.mp3
966,귀,,https://krdicmedia.korean.go.kr/multimedia/multimedia_files/convert/20120302/37132/SND000025835.mp3
967,귀걸이,,https://krdicmedia.korean.go.kr/multimedia/multimedia_files/convert/20120302/37147/SND000025850.mp3
968,귀고리,,https://krdicmedia.korean.go.kr/multimedia/multimedia_files/convert/20160913/30000/22000/304969/SND000314323.mp3
969,귀여워하다,gwi**ː**yeowohada,https://krdicmedia.korean.go.kr/multimedia/multimedia_files/convert/20160913/30000/22000/305103/SND000314457.mp3
971,귀엽다,gwi**ː**yeobtta,https://krdicmedia.korean.go.kr/multimedia/multimedia_files/convert/20160913/30000/22000/305112/SND000314466.mp3
972,귀찮다,,https://krdicmedia.korean.go.kr/multimedia/multimedia_files/convert/20120302/37136/SND000025839.mp3
976,규칙,,https://krdicmedia.korean.go.kr/multimedia/multimedia_files/convert/20120304/38255/SND000026958.mp3
981,귤,,https://krdicmedia.korean.go.kr/multimedia/multimedia_files/convert/20120304/38271/SND000026974.mp3
986,그,,https://krdicmedia.korean.go.kr/multimedia/multimedia_files/convert/20160913/30000/22000/307837/SND000317191.mp3
991,그거,,https://krdicmedia.korean.go.kr/multimedia/multimedia_files/convert/20160913/30000/22000/318594/SND000327948.mp3
996,그것,,https://krdicmedia.korean.go.kr/multimedia/multimedia_files/convert/20120225/33389/SND000022092.mp3
1001,그곳,,https://krdicmedia.korean.go.kr/multimedia/multimedia_files/convert/20120225/33394/SND000022097.mp3
1006,그날,,https://krdicmedia.korean.go.kr/multimedia/multimedia_files/convert/20160913/20000/13000/304152/SND000313506.mp3
1011,그냥,,https://krdicmedia.korean.go.kr/multimedia/multimedia_files/convert/20160913/30000/22000/303983/SND000313337.mp3
1012,그다음,,https://krdicmedia.korean.go.kr/multimedia/multimedia_files/convert/20120225/33371/SND000022074.mp3
1013,그담,,https://krdicmedia.korean.go.kr/multimedia/multimedia_files/convert/20160913/30000/22000/303993/SND000313347.mp3
1014,그대로,,https://krdicmedia.korean.go.kr/multimedia/multimedia_files/convert/20160913/30000/22000/303994/SND000313348.mp3
1016,그동안,,https://krdicmedia.korean.go.kr/multimedia/multimedia_files/convert/20160913/30000/22000/316683/SND000326037.mp3
1021,그들,,
1026,그때,,https://krdicmedia.korean.go.kr/multimedia/multimedia_files/convert/20160913/30000/22000/301447/SND000310801.mp3
1031,그래,,https://krdicmedia.korean.go.kr/multimedia/multimedia_files/convert/20160913/20000/15000/304374/SND000313728.mp3
1036,그래서,,https://krdicmedia.korean.go.kr/multimedia/multimedia_files/convert/20160913/30000/22000/317500/SND000326854.mp3
1041,그램,,
1046,그러나,,https://krdicmedia.korean.go.kr/multimedia/multimedia_files/convert/20160913/30000/22000/318919/SND000328273.mp3
1051,그러니까,,https://krdicmedia.korean.go.kr/multimedia/multimedia_files/convert/20120226/33870/SND000022573.mp3
1056,그러면,,https://krdicmedia.korean.go.kr/multimedia/multimedia_files/convert/20160913/30000/22000/314812/SND000324166.mp3
1057,그러므로,,https://krdicmedia.korean.go.kr/multimedia/multimedia_files/convert/20120226/33861/SND000022564.mp3
1061,그런,,https://krdicmedia.korean.go.kr/multimedia/multimedia_files/convert/20160913/30000/22000/341796/SND000351150.mp3
1066,그런데,,https://krdicmedia.korean.go.kr/multimedia/multimedia_files/convert/20160913/30000/22000/341609/SND000350963.mp3
1071,그럼,,https://krdicmedia.korean.go.kr/multimedia/multimedia_files/convert/20160913/30000/22000/341813/SND000351167.mp3
1081,그렇게,,https://krdicmedia.korean.go.kr/multimedia/multimedia_files/convert/20120309/41013/SND000029716.mp3
1086,그렇구나,,
1091,그렇다,,https://krdicmedia.korean.go.kr/multimedia/multimedia_files/convert/20120226/33873/SND000022576.mp3
1101,그렇지만,,https://krdicmedia.korean.go.kr/multimedia/multimedia_files/convert/20120226/33850/SND000022553.mp3
1102,그루,,https://krdicmedia.korean.go.kr/multimedia/multimedia_files/convert/20160913/30000/22000/304029/SND000313383.mp3
1106,그릇,,https://krdicmedia.korean.go.kr/multimedia/multimedia_files/convert/20120309/41025/SND000029728.mp3
1111,그리,,
1116,그리고,,https://krdicmedia.korean.go.kr/multimedia/multimedia_files/convert/20120226/33885/SND000022588.mp3
1117,그리기,geu**ː**rigi,https://krdicmedia.korean.go.kr/multimedia/multimedia_files/convert/20160913/30000/22000/304036/SND000313390.mp3
1121,그리다,geu**ː**lida,https://krdicmedia.korean.go.kr/multimedia/multimedia_files/convert/20160913/30000/22000/313793/SND000323147.mp3
1126,그림,geu**ː**lim,https://krdicmedia.korean.go.kr/multimedia/multimedia_files/convert/20160913/30000/22000/301450/SND000310804.mp3
1127,그립다,,https://krdicmedia.korean.go.kr/multimedia/multimedia_files/convert/20120226/33889/SND000022592.mp3
1131,그만,,https://krdicmedia.korean.go.kr/multimedia/multimedia_files/convert/20160913/30000/22000/304089/SND000313443.mp3
1132,그만두다,,https://krdicmedia.korean.go.kr/multimedia/multimedia_files/convert/20160913/30000/22000/318668/SND000328022.mp3
1136,그분,,https://krdicmedia.korean.go.kr/multimedia/multimedia_files/convert/20160913/30000/22000/316979/SND000326333.mp3
1141,그저께,,https://krdicmedia.korean.go.kr/multimedia/multimedia_files/convert/20160913/30000/22000/322082/SND000331436.mp3
1146,그중,,
1151,그쪽,,https://krdicmedia.korean.go.kr/multimedia/multimedia_files/convert/20160913/30000/22000/295302/SND000304656.mp3
1156,그치다,,https://krdicmedia.korean.go.kr/multimedia/multimedia_files/convert/20120225/33366/SND000022069.mp3
1157,그해,,https://krdicmedia.korean.go.kr/multimedia/multimedia_files/convert/20160913/30000/22000/302520/SND000311874.mp3
1161,극장,,https://krdicmedia.korean.go.kr/multimedia/multimedia_files/convert/20120308/40683/SND000029386.mp3
1166,근처,geun**ː**cheo,https://krdicmedia.korean.go.kr/multimedia/multimedia_files/convert/20160913/50000/44000/318383/SND000327737.mp3
1171,글,,https://krdicmedia.korean.go.kr/multimedia/multimedia_files/convert/20120225/33472/SND000022175.mp3
1172,글쎄,,https://krdicmedia.korean.go.kr/multimedia/multimedia_files/convert/20120225/33497/SND000022200.mp3
1176,글쎄요,,https://krdicmedia.korean.go.kr/multimedia/multimedia_files/convert/20160913/30000/22000/316977/SND000326331.mp3
1177,글쓰기,,https://krdicmedia.korean.go.kr/multimedia/multimedia_files/convert/20160913/30000/22000/320852/SND000330206.mp3
1178,글씨,,https://krdicmedia.korean.go.kr/multimedia/multimedia_files/convert/20120225/33505/SND000022208.mp3
1179,글자,,https://krdicmedia.korean.go.kr/multimedia/multimedia_files/convert/20120225/33477/SND000022180.mp3
1181,금방,,https://krdicmedia.korean.go.kr/multimedia/multimedia_files/convert/20120225/33543/SND000022246.mp3
1186,금연,geu**ː**myeon,https://krdicmedia.korean.go.kr/multimedia/multimedia_files/convert/20160913/50000/46000/316983/SND000326337.mp3
1191,금요일,,https://krdicmedia.korean.go.kr/multimedia/multimedia_files/convert/20120309/40843/SND000029546.mp3
1196,금주,geum**ː**ju,https://krdicmedia.korean.go.kr/multimedia/multimedia_files/convert/20160913/50000/44000/306700/SND000316054.mp3
1197,금지,geum**ː**ji,https://krdicmedia.korean.go.kr/multimedia/multimedia_files/convert/20160913/50000/44000/306722/SND000316076.mp3
1198,금지되다,geum**ː**jidoeda,https://krdicmedia.korean.go.kr/multimedia/multimedia_files/convert/20160913/50000/46000/304439/SND000313793.mp3
1199,금지하다,geum**ː**ji,https://krdicmedia.korean.go.kr/multimedia/multimedia_files/convert/20160913/50000/44000/317433/SND000326787.mp3
1206,급하다,,https://krdicmedia.korean.go.kr/multimedia/multimedia_files/convert/20120309/40935/SND000029638.mp3
1211,기간,,https://krdicmedia.korean.go.kr/multimedia/multimedia_files/convert/20120226/34070/SND000022773.mp3
1216,기다리다,,https://krdicmedia.korean.go.kr/multimedia/multimedia_files/convert/20120226/34015/SND000022718.mp3
1221,기러기,,https://krdicmedia.korean.go.kr/multimedia/multimedia_files/convert/20120227/34420/SND000023123.mp3
1226,기르다,,https://krdicmedia.korean.go.kr/multimedia/multimedia_files/convert/20120227/34421/SND000023124.mp3
1231,기름,,https://krdicmedia.korean.go.kr/multimedia/multimedia_files/convert/20120227/34422/SND000023125.mp3
1236,기분,,https://krdicmedia.korean.go.kr/multimedia/multimedia_files/convert/20120226/33974/SND000022677.mp3
1241,기뻐하다,,https://krdicmedia.korean.go.kr/multimedia/multimedia_files/convert/20160913/30000/22000/317850/SND000327204.mp3
1246,기쁘다,,https://krdicmedia.korean.go.kr/multimedia/multimedia_files/convert/20120227/34409/SND000023112.mp3
1247,기쁨,,https://krdicmedia.korean.go.kr/multimedia/multimedia_files/convert/20160913/50000/44000/317433/SND000326787.mp3
1251,기사,,https://krdicmedia.korean.go.kr/multimedia/multimedia_files/convert/20120227/34452/SND000023155.mp3
1256,기숙사,,https://krdicmedia.korean.go.kr/multimedia/multimedia_files/convert/20120227/34495/SND000023198.mp3
1257,기억,,https://krdicmedia.korean.go.kr/multimedia/multimedia_files/convert/20120226/34044/SND000022747.mp3
1258,기억나다,,https://krdicmedia.korean.go.kr/multimedia/multimedia_files/convert/20120309/41067/SND000029770.mp3
1259,기억되다,,https://krdicmedia.korean.go.kr/multimedia/multimedia_files/convert/20120226/34047/SND000022750.mp3
1261,기억하다,,https://krdicmedia.korean.go.kr/multimedia/multimedia_files/convert/20120226/34045/SND000022748.mp3
1266,기온,,https://krdicmedia.korean.go.kr/multimedia/multimedia_files/convert/20120227/34398/SND000023101.mp3
1271,기자,,https://krdicmedia.korean.go.kr/multimedia/multimedia_files/convert/20120226/34187/SND000022890.mp3
1276,기차,,https://krdicmedia.korean.go.kr/multimedia/multimedia_files/convert/20160913/50000/45000/305007/SND000314361.mp3
1277,기차역,,https://krdicmedia.korean.go.kr/multimedia/multimedia_files/convert/20160913/50000/45000/305009/SND000314363.mp3
1281,기침,,https://krdicmedia.korean.go.kr/multimedia/multimedia_files/convert/20120309/41062/SND000029765.mp3
1282,기침하다,,https://krdicmedia.korean.go.kr/multimedia/multimedia_files/convert/20160913/30000/22000/305251/SND000314605.mp3
1286,기타,,https://krdicmedia.korean.go.kr/multimedia/multimedia_files/convert/20160913/50000/41000/305252/SND000314606.mp3
1287,기회,,https://krdicmedia.korean.go.kr/multimedia/multimedia_files/convert/20120226/34140/SND000022843.mp3
1288,긴장,,https://krdicmedia.korean.go.kr/multimedia/multimedia_files/convert/20120227/34365/SND000023068.mp3
1291,긴장되다,,https://krdicmedia.korean.go.kr/multimedia/multimedia_files/convert/20120227/34366/SND000023069.mp3
1292,긴장하다,,https://krdicmedia.korean.go.kr/multimedia/multimedia_files/convert/20160913/40000/31000/318752/SND000328106.mp3
1296,길,,https://krdicmedia.korean.go.kr/multimedia/multimedia_files/convert/20120227/34242/SND000022945.mp3
1301,길다,gil**ː**da,https://krdicmedia.korean.go.kr/multimedia/multimedia_files/convert/20160913/30000/22000/307836/SND000317190.mp3
1302,길어지다,gi**ː**leojida,https://krdicmedia.korean.go.kr/multimedia/multimedia_files/convert/20160913/30000/22000/303141/SND000312495.mp3
1303,길옆,,https://krdicmedia.korean.go.kr/multimedia/multimedia_files/convert/20120227/34273/SND000022976.mp3
1304,길이,,https://krdicmedia.korean.go.kr/multimedia/multimedia_files/convert/20120227/34435/SND000023138.mp3
1306,김,gim**ː**,https://krdicmedia.korean.go.kr/multimedia/multimedia_files/convert/20120227/34283/SND000022986.mp3
1311,김밥,gim**ː**bab,https://krdicmedia.korean.go.kr/multimedia/multimedia_files/convert/20160913/30000/22000/314635/SND000323989.mp3
1316,김치,,https://krdicmedia.korean.go.kr/multimedia/multimedia_files/convert/20120227/34299/SND000023002.mp3
1317,깊다,,https://krdicmedia.korean.go.kr/multimedia/multimedia_files/convert/20120227/34414/SND000023117.mp3
1318,깊이,,https://krdicmedia.korean.go.kr/multimedia/multimedia_files/convert/20120309/41160/SND000029863.mp3
1331,까만색,,https://krdicmedia.korean.go.kr/multimedia/multimedia_files/convert/20160913/10000/04000/303151/SND000312505.mp3
1336,까맣다,kka**ː**mata,https://krdicmedia.korean.go.kr/multimedia/multimedia_files/convert/20160913/30000/22000/320649/SND000330003.mp3
1341,까지,,
1346,까치,kka**ː**chi,https://krdicmedia.korean.go.kr/multimedia/multimedia_files/convert/20160913/30000/22000/303158/SND000312512.mp3
1351,깎다,,https://krdicmedia.korean.go.kr/multimedia/multimedia_files/convert/20120312/43161/SND000031864.mp3
1356,깜짝,,https://krdicmedia.korean.go.kr/multimedia/multimedia_files/convert/20120305/38423/SND000027126.mp3
1357,깨끗이,,https://krdicmedia.korean.go.kr/multimedia/multimedia_files/convert/20120304/38358/SND000027061.mp3
1361,깨끗하다,,https://krdicmedia.korean.go.kr/multimedia/multimedia_files/convert/20120304/38359/SND000027062.mp3
1366,깨다,kkae**ː**da,https://krdicmedia.korean.go.kr/multimedia/multimedia_files/convert/20160913/20000/13000/318701/SND000328055.mp3
1371,깨지다,kkae**ː**jida,https://krdicmedia.korean.go.kr/multimedia/multimedia_files/convert/20160913/30000/22000/338623/SND000347977.mp3
1376,꺼내다,kkeo**ː**naeda,https://krdicmedia.korean.go.kr/multimedia/multimedia_files/convert/20160913/30000/22000/318611/SND000327965.mp3
1381,껌,,
1386,께,,
1391,꼬리,,https://krdicmedia.korean.go.kr/multimedia/multimedia_files/convert/20120305/38805/SND000027508.mp3
1396,꼭,,https://krdicmedia.korean.go.kr/multimedia/multimedia_files/convert/20120313/43286/SND000031989.mp3
1401,꽃,,https://krdicmedia.korean.go.kr/multimedia/multimedia_files/convert/20120305/38808/SND000027511.mp3
1402,꽃다발,,https://krdicmedia.korean.go.kr/multimedia/multimedia_files/convert/20120305/38845/SND000027548.mp3
1403,꽃병,,https://krdicmedia.korean.go.kr/multimedia/multimedia_files/convert/20120305/38832/SND000027535.mp3
1406,꽃집,,https://krdicmedia.korean.go.kr/multimedia/multimedia_files/convert/20120305/38810/SND000027513.mp3
1411,꾸다,,https://krdicmedia.korean.go.kr/multimedia/multimedia_files/convert/20120305/38857/SND000027560.mp3
1416,꾸미다,,https://krdicmedia.korean.go.kr/multimedia/multimedia_files/convert/20120305/38881/SND000027584.mp3
1421,꿈,,https://krdicmedia.korean.go.kr/multimedia/multimedia_files/convert/20120305/38880/SND000027583.mp3
1426,끄다,,https://krdicmedia.korean.go.kr/multimedia/multimedia_files/convert/20120305/38542/SND000027245.mp3
1431,끊다,,https://krdicmedia.korean.go.kr/multimedia/multimedia_files/convert/20120305/38617/SND000027320.mp3
1432,끓다,,https://krdicmedia.korean.go.kr/multimedia/multimedia_files/convert/20120305/38564/SND000027267.mp3
1436,끓이다,,https://krdicmedia.korean.go.kr/multimedia/multimedia_files/convert/20120305/38623/SND000027326.mp3
1441,끝,,https://krdicmedia.korean.go.kr/multimedia/multimedia_files/convert/20120305/38626/SND000027329.mp3
1446,끝나다,kkeu**n**nada,https://krdicmedia.korean.go.kr/multimedia/multimedia_files/convert/20120305/38610/SND000027313.mp3
1451,끝내다,kkeu**n**naeda,https://krdicmedia.korean.go.kr/multimedia/multimedia_files/convert/20120305/38611/SND000027314.mp3
1456,끼다,,https://krdicmedia.korean.go.kr/multimedia/multimedia_files/convert/20120305/38658/SND000027361.mp3
1461,나,,https://krdicmedia.korean.go.kr/multimedia/multimedia_files/convert/20160913/20000/16000/318550/SND000327904.mp3
1466,나가다,,https://krdicmedia.korean.go.kr/multimedia/multimedia_files/convert/20160913/30000/22000/327372/SND000336726.mp3
1471,나누다,,https://krdicmedia.korean.go.kr/multimedia/multimedia_files/convert/20120521/85162/SND000073865.mp3
1476,나다,,https://krdicmedia.korean.go.kr/multimedia/multimedia_files/convert/20160913/30000/22000/318551/SND000327905.mp3
1481,나라,,https://krdicmedia.korean.go.kr/multimedia/multimedia_files/convert/20160913/20000/16000/317843/SND000327197.mp3
1482,나머지,,https://krdicmedia.korean.go.kr/multimedia/multimedia_files/convert/20120521/84904/SND000073607.mp3
1486,나무,,https://krdicmedia.korean.go.kr/multimedia/multimedia_files/convert/20120521/84983/SND000073686.mp3
1491,나비,,https://krdicmedia.korean.go.kr/multimedia/multimedia_files/convert/20160913/20000/16000/304826/SND000314180.mp3
1496,나빠지다,,https://krdicmedia.korean.go.kr/multimedia/multimedia_files/convert/20160913/30000/22000/315989/SND000325343.mp3
1501,나쁘다,,https://krdicmedia.korean.go.kr/multimedia/multimedia_files/convert/20120521/85189/SND000073892.mp3
1506,나오다,,https://krdicmedia.korean.go.kr/multimedia/multimedia_files/convert/20160913/30000/22000/318581/SND000327935.mp3
1511,나이,,https://krdicmedia.korean.go.kr/multimedia/multimedia_files/convert/20120521/84710/SND000073413.mp3
1516,나중,na**ː**jung,https://krdicmedia.korean.go.kr/multimedia/multimedia_files/convert/20160913/30000/22000/318622/SND000327976.mp3
1526,나타나다,,https://krdicmedia.korean.go.kr/multimedia/multimedia_files/convert/20160913/30000/22000/318636/SND000327990.mp3
1531,나흘,,https://krdicmedia.korean.go.kr/multimedia/multimedia_files/convert/20120521/84709/SND000073412.mp3
1536,낚시,,https://krdicmedia.korean.go.kr/multimedia/multimedia_files/convert/20120521/84771/SND000073474.mp3
1541,날,,https://krdicmedia.korean.go.kr/multimedia/multimedia_files/convert/20160913/30000/22000/318621/SND000327975.mp3
1546,날씨,,https://krdicmedia.korean.go.kr/multimedia/multimedia_files/convert/20120521/84860/SND000073563.mp3
1551,날짜,,https://krdicmedia.korean.go.kr/multimedia/multimedia_files/convert/20160913/30000/22000/314700/SND000324054.mp3
1556,남,,https://krdicmedia.korean.go.kr/multimedia/multimedia_files/convert/20120521/84877/SND000073580.mp3
1561,남기다,,https://krdicmedia.korean.go.kr/multimedia/multimedia_files/convert/20160913/20000/13000/320665/SND000330019.mp3
1566,남녀,,https://krdicmedia.korean.go.kr/multimedia/multimedia_files/convert/20120521/84942/SND000073645.mp3
1571,남대문시장,,
1576,남동생,,https://krdicmedia.korean.go.kr/multimedia/multimedia_files/convert/20160913/40000/31000/300142/SND000309496.mp3
1581,남미,,https://krdicmedia.korean.go.kr/multimedia/multimedia_files/convert/20160913/40000/31000/343759/SND000353113.mp3
1586,남북,,https://krdicmedia.korean.go.kr/multimedia/multimedia_files/convert/20120524/86959/SND000075662.mp3
1591,남자,,https://krdicmedia.korean.go.kr/multimedia/multimedia_files/convert/20120521/84916/SND000073619.mp3
1596,남쪽,,https://krdicmedia.korean.go.kr/multimedia/multimedia_files/convert/20160913/40000/31000/319923/SND000329277.mp3
1601,남편,,https://krdicmedia.korean.go.kr/multimedia/multimedia_files/convert/20120521/84960/SND000073663.mp3
1606,남학생,,https://krdicmedia.korean.go.kr/multimedia/multimedia_files/convert/20120524/86989/SND000075692.mp3
1611,낮,,https://krdicmedia.korean.go.kr/multimedia/multimedia_files/convert/20120525/87292/SND000075995.mp3
1616,낮다,,https://krdicmedia.korean.go.kr/multimedia/multimedia_files/convert/20120522/85277/SND000073980.mp3
1621,내,,https://krdicmedia.korean.go.kr/multimedia/multimedia_files/convert/20120524/86628/SND000075331.mp3
1626,내가,,
1631,내과,nae**ː**kkwa,https://krdicmedia.korean.go.kr/multimedia/multimedia_files/convert/20160913/40000/31000/301166/SND000310520.mp3
1636,내년,,https://krdicmedia.korean.go.kr/multimedia/multimedia_files/convert/20120521/84608/SND000073311.mp3
1641,내다,nae**ː**da,https://krdicmedia.korean.go.kr/multimedia/multimedia_files/convert/20160913/30000/22000/341882/SND000351236.mp3
1646,내려가다,,https://krdicmedia.korean.go.kr/multimedia/multimedia_files/convert/20160913/30000/22000/320036/SND000329390.mp3
1651,내려오다,,https://krdicmedia.korean.go.kr/multimedia/multimedia_files/convert/20160913/30000/22000/320922/SND000330276.mp3
1656,내리다,,https://krdicmedia.korean.go.kr/multimedia/multimedia_files/convert/20120521/84618/SND000073321.mp3
1661,내용,nae**ː**yong,https://krdicmedia.korean.go.kr/multimedia/multimedia_files/convert/20160913/40000/32000/328359/SND000337713.mp3
1666,내일,,https://krdicmedia.korean.go.kr/multimedia/multimedia_files/convert/20160913/40000/32000/301673/SND000311027.mp3
1667,내일모레,,https://krdicmedia.korean.go.kr/multimedia/multimedia_files/convert/20160913/30000/22000/305681/SND000315035.mp3
1668,낼,nael**ː**,https://krdicmedia.korean.go.kr/multimedia/multimedia_files/convert/20160913/30000/22000/306620/SND000315974.mp3
1671,냄비,,https://krdicmedia.korean.go.kr/multimedia/multimedia_files/convert/20120520/84547/SND000073250.mp3
1676,냄새,naem**ː**sae,https://krdicmedia.korean.go.kr/multimedia/multimedia_files/convert/20160913/30000/22000/314724/SND000324078.mp3
1686,냉장고,,https://krdicmedia.korean.go.kr/multimedia/multimedia_files/convert/20160913/40000/39000/302697/SND000312051.mp3
1691,너,,https://krdicmedia.korean.go.kr/multimedia/multimedia_files/convert/20120522/85315/SND000074018.mp3
1696,너무,,https://krdicmedia.korean.go.kr/multimedia/multimedia_files/convert/20120522/85388/SND000074091.mp3
1698,너희,,https://krdicmedia.korean.go.kr/multimedia/multimedia_files/convert/20120522/85330/SND000074033.mp3
1699,넌,,https://krdicmedia.korean.go.kr/multimedia/multimedia_files/convert/20120525/87361/SND000076064.mp3
1700,널,,https://krdicmedia.korean.go.kr/multimedia/multimedia_files/convert/20120522/85351/SND000074054.mp3
1701,넓다,,https://krdicmedia.korean.go.kr/multimedia/multimedia_files/convert/20120522/85358/SND000074061.mp3
1706,넘다,neom**ː**tta,https://krdicmedia.korean.go.kr/multimedia/multimedia_files/convert/20160913/30000/23000/320861/SND000330215.mp3
1711,넘어지다,,https://krdicmedia.korean.go.kr/multimedia/multimedia_files/convert/20120522/85369/SND000074072.mp3
1716,넣다,neo**ː**ta,https://krdicmedia.korean.go.kr/multimedia/multimedia_files/convert/20160913/30000/23000/320835/SND000330189.mp3
1721,네,ne**ː**,https://krdicmedia.korean.go.kr/multimedia/multimedia_files/convert/20160913/30000/23000/320921/SND000330275.mp3
1723,네,,https://krdicmedia.korean.go.kr/multimedia/multimedia_files/convert/20120522/85303/SND000074006.mp3
1725,네발,ne**ː**bal,https://krdicmedia.korean.go.kr/multimedia/multimedia_files/convert/20160913/30000/23000/296933/SND000306287.mp3
1726,넥타이,,
1727,넥타이핀,,
1731,넷,net**ː**,https://krdicmedia.korean.go.kr/multimedia/multimedia_files/convert/20120522/85417/SND000074120.mp3
1736,넷째,net**ː**jjae,https://krdicmedia.korean.go.kr/multimedia/multimedia_files/convert/20120522/85418/SND000074121.mp3
1741,년,,https://krdicmedia.korean.go.kr/multimedia/multimedia_files/convert/20120523/86303/SND000075006.mp3
1746,노란색,,https://krdicmedia.korean.go.kr/multimedia/multimedia_files/convert/20160913/30000/23000/295320/SND000304674.mp3
1751,노랗다,no**ː**rata,https://krdicmedia.korean.go.kr/multimedia/multimedia_files/convert/20160913/30000/23000/305821/SND000315175.mp3
1756,노래,,https://krdicmedia.korean.go.kr/multimedia/multimedia_files/convert/20120523/85968/SND000074671.mp3
1761,노래방,,https://krdicmedia.korean.go.kr/multimedia/multimedia_files/convert/20160913/40000/33000/305823/SND000315177.mp3
1763,노래자랑,,https://krdicmedia.korean.go.kr/multimedia/multimedia_files/convert/20160913/30000/23000/305824/SND000315178.mp3
1766,노래하다,,https://krdicmedia.korean.go.kr/multimedia/multimedia_files/convert/20160913/30000/23000/320846/SND000330200.mp3
1770,노력,,https://krdicmedia.korean.go.kr/multimedia/multimedia_files/convert/20120523/86025/SND000074728.mp3
1771,노력하다,,https://krdicmedia.korean.go.kr/multimedia/multimedia_files/convert/20120523/86026/SND000074729.mp3
1776,노루,,https://krdicmedia.korean.go.kr/multimedia/multimedia_files/convert/20120527/88523/SND000077226.mp3
1779,노인,no**ː**in,https://krdicmedia.korean.go.kr/multimedia/multimedia_files/convert/20160913/40000/40000/319947/SND000329301.mp3
1781,노트,,
1783,노트북 컴퓨터,,
1785,녹다,,https://krdicmedia.korean.go.kr/multimedia/multimedia_files/convert/20120522/85746/SND000074449.mp3
1786,녹색,,https://krdicmedia.korean.go.kr/multimedia/multimedia_files/convert/20120522/85740/SND000074443.mp3
1788,녹색등,,https://krdicmedia.korean.go.kr/multimedia/multimedia_files/convert/20120522/85741/SND000074444.mp3
1791,녹차,,https://krdicmedia.korean.go.kr/multimedia/multimedia_files/convert/20120522/85725/SND000074428.mp3
1796,놀다,nor**ː**da,https://krdicmedia.korean.go.kr/multimedia/multimedia_files/convert/20160913/30000/23000/340753/SND000350107.mp3
1801,놀라다,nor**ː**rada,https://krdicmedia.korean.go.kr/multimedia/multimedia_files/convert/20160913/30000/23000/317939/SND000327293.mp3
1803,놀이,,https://krdicmedia.korean.go.kr/multimedia/multimedia_files/convert/20120527/88505/SND000077208.mp3
1804,놀이동산,,https://krdicmedia.korean.go.kr/multimedia/multimedia_files/convert/20120527/88506/SND000077209.mp3
1805,놀이하다,,https://krdicmedia.korean.go.kr/multimedia/multimedia_files/convert/20120527/88507/SND000077210.mp3
1806,농구,,https://krdicmedia.korean.go.kr/multimedia/multimedia_files/convert/20120523/85839/SND000074542.mp3
1807,농구대,,https://krdicmedia.korean.go.kr/multimedia/multimedia_files/convert/20120527/88221/SND000076924.mp3
1808,농구화,,https://krdicmedia.korean.go.kr/multimedia/multimedia_files/convert/20120527/88222/SND000076925.mp3
1809,농담,nong**ː**dam,https://krdicmedia.korean.go.kr/multimedia/multimedia_files/convert/20160913/40000/40000/307785/SND000317139.mp3
1810,농담하다,nong**ː**damhada,https://krdicmedia.korean.go.kr/multimedia/multimedia_files/convert/20160913/40000/40000/307787/SND000317141.mp3
1811,높다,,https://krdicmedia.korean.go.kr/multimedia/multimedia_files/convert/20120523/85965/SND000074668.mp3
1812,높이,,https://krdicmedia.korean.go.kr/multimedia/multimedia_files/convert/20120523/85955/SND000074658.mp3
1816,놓다,,https://krdicmedia.korean.go.kr/multimedia/multimedia_files/convert/20120527/88552/SND000077255.mp3
1821,누가,,https://krdicmedia.korean.go.kr/multimedia/multimedia_files/convert/20120523/86100/SND000074803.mp3
1826,누구,,https://krdicmedia.korean.go.kr/multimedia/multimedia_files/convert/20120523/86110/SND000074813.mp3
1836,누나,nu**ː**na,https://krdicmedia.korean.go.kr/multimedia/multimedia_files/convert/20160913/30000/23000/302963/SND000312317.mp3
1841,누르다,nu**ː**reuda,https://krdicmedia.korean.go.kr/multimedia/multimedia_files/convert/20160913/20000/13000/328110/SND000337464.mp3
1845,눈,nun**ː**,https://krdicmedia.korean.go.kr/multimedia/multimedia_files/convert/20160913/30000/23000/296828/SND000306182.mp3
1846,눈,,https://krdicmedia.korean.go.kr/multimedia/multimedia_files/convert/20120523/86158/SND000074861.mp3
1851,눈물,,https://krdicmedia.korean.go.kr/multimedia/multimedia_files/convert/20160913/30000/23000/311878/SND000321232.mp3
1866,눕다,nub**ː**tta,https://krdicmedia.korean.go.kr/multimedia/multimedia_files/convert/20160913/30000/23000/318386/SND000327740.mp3
1871,뉴스,,
1881,느끼다,,https://krdicmedia.korean.go.kr/multimedia/multimedia_files/convert/20120522/85433/SND000074136.mp3
1886,느낌,,https://krdicmedia.korean.go.kr/multimedia/multimedia_files/convert/20120522/85436/SND000074139.mp3
1891,느리다,,https://krdicmedia.korean.go.kr/multimedia/multimedia_files/convert/20120526/87614/SND000076317.mp3
1896,늘,,https://krdicmedia.korean.go.kr/multimedia/multimedia_files/convert/20120522/85443/SND000074146.mp3
1901,늘다,,https://krdicmedia.korean.go.kr/multimedia/multimedia_files/convert/20120522/85444/SND000074147.mp3
1902,늙다,,https://krdicmedia.korean.go.kr/multimedia/multimedia_files/convert/20120522/85440/SND000074143.mp3
1906,능력,,https://krdicmedia.korean.go.kr/multimedia/multimedia_files/convert/20120522/85487/SND000074190.mp3
1911,늦다,,https://krdicmedia.korean.go.kr/multimedia/multimedia_files/convert/20120526/87652/SND000076355.mp3
1916,늦잠,,https://krdicmedia.korean.go.kr/multimedia/multimedia_files/convert/20120522/85530/SND000074233.mp3
1926,-니까,,
1931,-님,,
1936,다,da**ː**,https://krdicmedia.korean.go.kr/multimedia/multimedia_files/convert/20160913/30000/23000/314723/SND000324077.mp3
1941,다녀오다,,https://krdicmedia.korean.go.kr/multimedia/multimedia_files/convert/20160913/30000/23000/320878/SND000330232.mp3
1946,다니다,,https://krdicmedia.korean.go.kr/multimedia/multimedia_files/convert/20120209/23734/SND000012437.mp3
1951,다르다,,https://krdicmedia.korean.go.kr/multimedia/multimedia_files/convert/20120209/23854/SND000012557.mp3
1956,다른,,https://krdicmedia.korean.go.kr/multimedia/multimedia_files/convert/20120209/23870/SND000012573.mp3
1961,다리,,https://krdicmedia.korean.go.kr/multimedia/multimedia_files/convert/20120219/29446/SND000018149.mp3
1966,다리미,,https://krdicmedia.korean.go.kr/multimedia/multimedia_files/convert/20120209/23874/SND000012577.mp3
1971,다방,,https://krdicmedia.korean.go.kr/multimedia/multimedia_files/convert/20120207/22693/SND000011396.mp3
1976,다섯,,https://krdicmedia.korean.go.kr/multimedia/multimedia_files/convert/20120209/23893/SND000012596.mp3
1981,다시,,https://krdicmedia.korean.go.kr/multimedia/multimedia_files/convert/20120209/23897/SND000012600.mp3
1983,다양하다,,https://krdicmedia.korean.go.kr/multimedia/multimedia_files/convert/20160913/40000/34000/306136/SND000315490.mp3
1986,다음,,https://krdicmedia.korean.go.kr/multimedia/multimedia_files/convert/20120208/23248/SND000011951.mp3
2006,다이어트,,
2011,다치다,,https://krdicmedia.korean.go.kr/multimedia/multimedia_files/convert/20120207/22708/SND000011411.mp3
2013,다하다,da**ː**hada,https://krdicmedia.korean.go.kr/multimedia/multimedia_files/convert/20160913/20000/19000/317841/SND000327195.mp3
2016,닦다,,https://krdicmedia.korean.go.kr/multimedia/multimedia_files/convert/20120216/28086/SND000016789.mp3
2018,단순,,https://krdicmedia.korean.go.kr/multimedia/multimedia_files/convert/20160913/40000/34000/301153/SND000310507.mp3
2019,단순하다,,https://krdicmedia.korean.go.kr/multimedia/multimedia_files/convert/20160913/40000/34000/307483/SND000316837.mp3
2021,단어,,https://krdicmedia.korean.go.kr/multimedia/multimedia_files/convert/20120209/23591/SND000012294.mp3
2023,단어장,,https://krdicmedia.korean.go.kr/multimedia/multimedia_files/convert/20120217/28775/SND000017478.mp3
2025,단점,dan**ː**jjeom,https://krdicmedia.korean.go.kr/multimedia/multimedia_files/convert/20160913/40000/34000/307349/SND000316703.mp3
2027,단추,,https://krdicmedia.korean.go.kr/multimedia/multimedia_files/convert/20120209/23578/SND000012281.mp3
2029,단풍,,https://krdicmedia.korean.go.kr/multimedia/multimedia_files/convert/20120209/23782/SND000012485.mp3
2030,단풍놀이 ,,https://krdicmedia.korean.go.kr/multimedia/multimedia_files/convert/20120218/29215/SND000017918.mp3
2031,닫다,,https://krdicmedia.korean.go.kr/multimedia/multimedia_files/convert/20120219/29615/SND000018318.mp3
2036,닫히다,,
2041,달,,
2046,달걀,,
2051,달다,,
2056,달러,,
2061,달력,,
2066,달리다,,
2071,닭,,
2076,닭고기,,
2081,닮다,,
2086,담그다,,
2091,담배,,
2096,답,,
2101,답장,,
2106,당근,,
2111,당신,,
2116,대,,
2121,대답,,
2126,대답하다,,
2131,대문,,
2136,대부분,,
2141,대사관,,
2146,대학,,
2151,대학교,,
2156,대학생,,
2161,대학원,,
2166,대학원생,,
2171,대한민국,,
2176,대화,,
2181,대회,,
2186,댁,,
2191,더,,
2196,더럽다,,
2201,더운물,,
2206,더워요,,
2211,덕분,,
2216,덥다,,
2221,덮다,,
2226,데리다,,
2231,데이트,,
2236,도,,
2241,도로,,
2246,도서관,,
2251,도시,,
2256,도와주다,,
2261,도움,,
2266,도착,,
2271,도착하다,,
2276,도쿄,,
2281,도토리,,
2286,독서,,
2291,독서실,,
2296,독서하다,,
2301,독일,,
2306,돈,,
2311,돌다,,
2316,돌아가다,,
2321,돌아오다,,
2326,돕다,,
2331,동네,,
2336,동대문시장,,
2341,동물,,
2346,동생,,
2351,동아리,,
2356,동안,,
2361,동양,,
2366,동전,,
2371,동쪽,,
2376,돼지,,
2381,돼지고기,,
2386,되다,,
2391,된장,,
2396,된장국,,
2401,된장찌개,,
2406,두,,
2411,두껍다,,
2416,두다,,
2421,두부,,
2426,두부찌개,,
2431,둘,,
2436,둘째,,
2441,뒤,,
2446,뒤쪽,,
2451,드라마,,
2456,드리다,,
2461,드시다,,
2466,듣기,,
2471,듣다,,
2476,들,,
2481,들다,,
2486,들어가다,,
2491,들어오다,,
2496,등,,
2501,등산,,
2506,등산복,,
2511,등산화,,
2516,디브이디,,
2521,디자인,,
2526,따다,,
2531,따뜻하다,,
2536,따라가다,,
2541,따라오다,,
2546,따로,,
2551,따르다,,
2556,딸,,
2561,딸기,,
2566,땀,,
2571,때,,
2576,때문,,
2581,떠나다,,
2586,떠들다,,
2591,떡,,
2596,떡국,,
2601,떡볶이,,
2606,떨어지다,,
2611,또,,
2616,또는,,
2621,똑같다,,
2626,똑바로,,
2631,뛰다,,
2636,뜨겁다,,
2641,뜨다,,
2646,뜻,,
2651,띠,,
2656,ㄹ 거예요,,
2661,라디오,,
2666,라면,,
2671,러시아,,
2676,려고 하다,,
2681,로,,
2686,로션,,
2691,마늘,,
2696,마르다,,
2701,마리,,
2706,마시다,,
2711,마음,,
2716,마지막,,
2721,마차,,
2726,마치다,,
2731,마흔,,
2736,막히다,,
2741,만,,
2746,만나다,,
2751,만두,,
2756,만들다,,
2761,만일,,
2766,만지다,,
2771,만화,,
2776,많다,,
2781,많이,,
2786,말,,
2791,말씀,,
2796,말씀하다,,
2801,말하기,,
2806,말하다,,
2811,맑다,,
2816,맛,,
2821,맛없다,,
2826,맛있다,,
2831,맞다,,
2836,맞습니다,,
2841,맞아요,,
2846,맞은편,,
2851,매다,,
2856,매우,,
2861,매일,,
2866,매주,,
2871,맥주,,
2876,맵다,,
2881,머리,,
2886,먹다,,
2891,먼저,,
2896,멀다,meor**ː**da,https://krdicmedia.korean.go.kr/multimedia/multimedia_files/convert/20120509/77445/SND000066148.mp3
2901,멋있다,,
2906,메뉴,,
2911,메다,,
2916,메모,,
2921,메시지,,
2926,멕시코,,
2931,며칠,,
2936,면,,
2941,면도,,
2946,면서,,
2951,명,,
2956,명절,,
2961,몇,,
2966,모기,,
2971,모두,,
2976,모래,,
2981,모레,,
2986,모르겠습니다,,
2991,모르다,,
2996,모시다,,
3001,모양,,
3006,모으다,,
3011,모이다,,
3016,모임,,
3021,모자,,
3026,목,,
3031,목걸이,,
3036,목소리,,
3041,목요일,,
3046,목욕,,
3051,목욕하다,,
3056,목적,,
3061,몸,,
3066,몸살,,
3071,못,,
3076,못하다,,
3081,몽골,,
3086,무,,
3091,무겁다,,https://krdicmedia.korean.go.kr/multimedia/multimedia_files/convert/20120511/78641/SND000067344.mp3
3096,무궁화,,
3101,무료,,
3106,무릎,,
3111,무리,,
3116,무섭다,,
3121,무슨,,
3126,무엇,,
3131,무엇이,,
3136,무역,,
3141,무용,,
3146,무척,,
3151,문,,
3156,문구점,,
3161,문법,,
3166,문장,,
3171,문제,,
3176,문화,,
3181,묻다,,
3186,물,,
3191,물건,,
3196,물론,,
3201,물어보다,,
3206,뭐,,
3211,뭘,,
3216,미국,,
3221,미누,,
3226,미래,,
3231,미리,,
3236,미술,,
3241,미술관,,
3246,미안하다,,
3251,미안합니다,,
3256,미용실,,
3261,미터,,
3266,미한하다,,
3271,민속촌,,
3276,밀가루,,
3281,밀리다,,
3286,밑,,
3291,바구니,,
3296,바꾸다,,
3301,바뀌다,,
3306,바나나,,
3311,바다,,
3316,바닷가,,
3321,바라다,,
3326,바람,,
3331,바로,,
3336,바르다,,
3341,바쁘다,,
3346,바이올린,,
3351,바지,,
3356,박물관,,
3361,박수,,
3366,밖,,
3371,반,,
3376,반갑다,,
3381,반갑습니다,,
3386,반년,,
3391,반달,,
3396,반바지,,
3401,반지,,
3406,반찬,,
3411,받다,,
3416,발,,
3421,발가락,,
3426,발음,,
3431,발전,,
3436,발표,,
3441,밝다,,
3446,밤,,
3451,밥,,
3456,방,,
3461,방법,,
3466,방송,,
3471,방송국,,
3476,방학,,
3481,배,,
3486,배고프다,,
3491,배구,,
3496,배달,,
3501,배부르다,,
3506,배우,,
3511,배우다,,https://krdicmedia.korean.go.kr/multimedia/multimedia_files/convert/20120103/1238/SND000000538.mp3
3516,배웁다,,
3521,배탈,,
3526,백,,
3531,백화점,,
3536,버리다,,
3541,버스,,
3546,번,,
3551,번호,,
3556,벌,,
3561,벌다,,
3566,벌써,,
3571,벗다,,
3576,벚꽃,,
3581,베이징,,
3586,베트남,,
3591,벽,,
3596,변호사,,
3601,별,,
3606,별로,,
3611,병,,
3616,병원,,
3621,보내다,,
3626,보다,,
3631,보다,,
3636,보도,,
3641,보이다,,
3646,보통,,
3651,복숭아,,
3656,복잡하다,,
3661,볶다,,
3666,볶음밥,,
3671,볼펜,,
3676,봄,,
3681,봉지,,
3686,봉투,,
3691,뵙다,,
3696,부동산,,
3701,부드럽다,,
3706,부르다,,
3711,부모,,
3716,부모님,,
3721,부부,,
3726,부산,,
3731,부업,,
3736,부엌,,
3741,부인,,
3746,부장,,
3751,부지런하다,,
3756,부치다,,
3761,부탁,,
3766,부탁하다,,
3771,부터,,
3776,북쪽,,
3781,분,,
3786,분위기,,
3791,불,,
3796,불고기,,
3801,불다,,
3806,불어,,
3811,불편하다,,
3816,붓다,,
3821,붙다,,
3826,붙이다,,
3831,브라질,,
3836,블라우스,,
3841,비,,
3846,비누,,
3851,비디오,,
3856,비밀,,
3861,비빔밥,,
3866,비슷하다,,
3871,비싸다,,
3876,비행기,,
3881,비행장,,
3886,빌딩,,
3891,빌려주다,,
3896,빌리다,,
3901,빛,,
3906,빠르다,,
3911,빨간색,,
3916,빨갛다,,
3921,빨다,,
3926,빨래,,
3931,빨리,,
3936,빵,,
3941,빵집,,
3946,빼다,,
3951,뿌리,,
3956,뿐,,
3961,사,sa**ː**,https://krdicmedia.korean.go.kr/multimedia/multimedia_files/convert/20160913/10000/07000/314652/SND000324006.mp3
3966,사거리,sa**ː**geori,https://krdicmedia.korean.go.kr/multimedia/multimedia_files/convert/20160913/10000/07000/340948/SND000350302.mp3
3971,사계절,sa**ː**gyejeol,https://krdicmedia.korean.go.kr/multimedia/multimedia_files/convert/20120531/90724/SND000079427.mp3
3976,사고,sa**ː**go,https://krdicmedia.korean.go.kr/multimedia/multimedia_files/convert/20160913/10000/07000/322468/SND000331822.mp3
3981,사과,sa**ː**gwa,https://krdicmedia.korean.go.kr/multimedia/multimedia_files/convert/20160913/10000/07000/294717/SND000304071.mp3
3982,사과,,https://krdicmedia.korean.go.kr/multimedia/multimedia_files/convert/20120601/91370/SND000080073.mp3
3984,사귀다,,https://krdicmedia.korean.go.kr/multimedia/multimedia_files/convert/20120601/91374/SND000080077.mp3
3986,사다,,https://krdicmedia.korean.go.kr/multimedia/multimedia_files/convert/20120531/90954/SND000079657.mp3
3991,사람,sa**ː**ram,https://krdicmedia.korean.go.kr/multimedia/multimedia_files/convert/20160913/20000/20000/314705/SND000324059.mp3
3996,사랑,,https://krdicmedia.korean.go.kr/multimedia/multimedia_files/convert/20120602/92376/SND000081079.mp3
4001,사랑하다,,https://krdicmedia.korean.go.kr/multimedia/multimedia_files/convert/20160913/20000/20000/319149/SND000328503.mp3
4006,사례,sa**ː**rye,https://krdicmedia.korean.go.kr/multimedia/multimedia_files/convert/20160913/10000/08000/294756/SND000304110.mp3
4011,사무실,sa**ː**musil,https://krdicmedia.korean.go.kr/multimedia/multimedia_files/convert/20160913/10000/08000/317528/SND000326882.mp3
4016,사물,sa**ː**mul,https://krdicmedia.korean.go.kr/multimedia/multimedia_files/convert/20160913/10000/08000/327068/SND000336422.mp3
4018,사실,sa**ː**sil,https://krdicmedia.korean.go.kr/multimedia/multimedia_files/convert/20160913/10000/08000/327209/SND000336563.mp3
4021,사십,sa**ː**sip,https://krdicmedia.korean.go.kr/multimedia/multimedia_files/convert/20160913/10000/08000/314663/SND000324017.mp3
4025,사업,sa**ː**eop,https://krdicmedia.korean.go.kr/multimedia/multimedia_files/convert/20120531/90689/SND000079392.mp3
4026,사업가,sa**ː**eopkka,https://krdicmedia.korean.go.kr/multimedia/multimedia_files/convert/20160913/20000/14000/294575/SND000303929.mp3
4027,사업하다,sa**ː**eophada,https://krdicmedia.korean.go.kr/multimedia/multimedia_files/convert/20160913/10000/08000/317822/SND000327176.mp3
4030,사용,sa**ː**yong,https://krdicmedia.korean.go.kr/multimedia/multimedia_files/convert/20120531/90894/SND000079597.mp3
4031,사용하다,sa**ː**yonghada,https://krdicmedia.korean.go.kr/multimedia/multimedia_files/convert/20160913/10000/08000/317976/SND000327330.mp3
4036,사원,,https://krdicmedia.korean.go.kr/multimedia/multimedia_files/convert/20120603/92505/SND000081208.mp3
4041,사월,sa**ː**wol,https://krdicmedia.korean.go.kr/multimedia/multimedia_files/convert/20160913/10000/08000/296837/SND000306191.mp3
4046,사이,,https://krdicmedia.korean.go.kr/multimedia/multimedia_files/convert/20120601/91454/SND000080157.mp3
4051,사이다,,
4056,사이즈,,
4061,사인하다,,
4066,사자,,https://krdicmedia.korean.go.kr/multimedia/multimedia_files/convert/20120601/91461/SND000080164.mp3
4071,사장,,https://krdicmedia.korean.go.kr/multimedia/multimedia_files/convert/20120601/91466/SND000080169.mp3
4072,사장님,,
4076,사전,,https://krdicmedia.korean.go.kr/multimedia/multimedia_files/convert/20120601/91474/SND000080177.mp3
4081,사진,,https://krdicmedia.korean.go.kr/multimedia/multimedia_files/convert/20120601/91484/SND000080187.mp3
4084,사진 기자,,
4087,사진기,,https://krdicmedia.korean.go.kr/multimedia/multimedia_files/convert/20160913/10000/08000/322782/SND000332136.mp3
4088,사진사,,https://krdicmedia.korean.go.kr/multimedia/multimedia_files/convert/20120611/97260/SND000085963.mp3
4089,사진작가,,https://krdicmedia.korean.go.kr/multimedia/multimedia_files/convert/20120601/91494/SND000080197.mp3
4091,사촌,sa**ː**chon,https://krdicmedia.korean.go.kr/multimedia/multimedia_files/convert/20160913/10000/08000/317637/SND000326991.mp3
4096,사탕,,https://krdicmedia.korean.go.kr/multimedia/multimedia_files/convert/20120603/92481/SND000081184.mp3
4101,사흘,,https://krdicmedia.korean.go.kr/multimedia/multimedia_files/convert/20120601/91392/SND000080095.mp3
4106,산,,https://krdicmedia.korean.go.kr/multimedia/multimedia_files/convert/20120602/91806/SND000080509.mp3
4111,산책,san**ː**chaek,https://krdicmedia.korean.go.kr/multimedia/multimedia_files/convert/20160913/10000/08000/318921/SND000328275.mp3
4112,산책하다,san**ː**chaekada,https://krdicmedia.korean.go.kr/multimedia/multimedia_files/convert/20160913/10000/08000/318132/SND000327486.mp3
4116,살,,https://krdicmedia.korean.go.kr/multimedia/multimedia_files/convert/20120601/91534/SND000080237.mp3
4121,살다,sar**ː**da,https://krdicmedia.korean.go.kr/multimedia/multimedia_files/convert/20160913/20000/20000/325826/SND000335180.mp3
4126,삼,,https://krdicmedia.korean.go.kr/multimedia/multimedia_files/convert/20160913/10000/08000/318284/SND000327638.mp3
4131,삼거리,,https://krdicmedia.korean.go.kr/multimedia/multimedia_files/convert/20160913/10000/08000/318155/SND000327509.mp3
4132,삼겹살,,https://krdicmedia.korean.go.kr/multimedia/multimedia_files/convert/20120601/91668/SND000080371.mp3
4136,삼십,,https://krdicmedia.korean.go.kr/multimedia/multimedia_files/convert/20160913/10000/08000/318302/SND000327656.mp3
4141,삼월,,https://krdicmedia.korean.go.kr/multimedia/multimedia_files/convert/20120601/91751/SND000080454.mp3
4146,삼촌,,https://krdicmedia.korean.go.kr/multimedia/multimedia_files/convert/20120601/91633/SND000080336.mp3
4151,상,,https://krdicmedia.korean.go.kr/multimedia/multimedia_files/convert/20120611/97686/SND000086389.mp3
4156,상관,,https://krdicmedia.korean.go.kr/multimedia/multimedia_files/convert/20120602/92075/SND000080778.mp3
4161,상자,,https://krdicmedia.korean.go.kr/multimedia/multimedia_files/convert/20120602/92119/SND000080822.mp3
4166,상처,,https://krdicmedia.korean.go.kr/multimedia/multimedia_files/convert/20120602/91998/SND000080701.mp3
4169,상추,,
4171,상품,,https://krdicmedia.korean.go.kr/multimedia/multimedia_files/convert/20120602/92177/SND000080880.mp3
4175,새,sae**ː**,https://krdicmedia.korean.go.kr/multimedia/multimedia_files/convert/20120531/90965/SND000079668.mp3
4176,새,,https://krdicmedia.korean.go.kr/multimedia/multimedia_files/convert/20120531/90980/SND000079683.mp3
4181,새로,,https://krdicmedia.korean.go.kr/multimedia/multimedia_files/convert/20160913/20000/20000/324076/SND000333430.mp3
4183,새롭다,,https://krdicmedia.korean.go.kr/multimedia/multimedia_files/convert/20120601/91322/SND000080025.mp3
4186,새벽,,https://krdicmedia.korean.go.kr/multimedia/multimedia_files/convert/20120531/90985/SND000079688.mp3
4191,새우,,https://krdicmedia.korean.go.kr/multimedia/multimedia_files/convert/20120601/91335/SND000080038.mp3
4193,새해,,https://krdicmedia.korean.go.kr/multimedia/multimedia_files/convert/20120531/91030/SND000079733.mp3
4196,색,,https://krdicmedia.korean.go.kr/multimedia/multimedia_files/convert/20120531/91046/SND000079749.mp3
4201,색깔,,https://krdicmedia.korean.go.kr/multimedia/multimedia_files/convert/20120531/91071/SND000079774.mp3
4203,색소폰,,
4206,샌드위치,,
4209,샐러드,,
4211,생각,,https://krdicmedia.korean.go.kr/multimedia/multimedia_files/convert/20120531/91122/SND000079825.mp3
4213,생각나다,,https://krdicmedia.korean.go.kr/multimedia/multimedia_files/convert/20120610/97033/SND000085736.mp3
4216,생각되다,,https://krdicmedia.korean.go.kr/multimedia/multimedia_files/convert/20120531/91124/SND000079827.mp3
4221,생각하다,,https://krdicmedia.korean.go.kr/multimedia/multimedia_files/convert/20120531/91123/SND000079826.mp3
4226,생기다,,https://krdicmedia.korean.go.kr/multimedia/multimedia_files/convert/20160913/20000/20000/324079/SND000333433.mp3
4231,생선,,https://krdicmedia.korean.go.kr/multimedia/multimedia_files/convert/20160913/10000/04000/300159/SND000309513.mp3
4236,생신,,https://krdicmedia.korean.go.kr/multimedia/multimedia_files/convert/20120601/91293/SND000079996.mp3
4241,생일,,https://krdicmedia.korean.go.kr/multimedia/multimedia_files/convert/20120531/91188/SND000079891.mp3
4243,생일상 ,,https://krdicmedia.korean.go.kr/multimedia/multimedia_files/convert/20120610/97077/SND000085780.mp3
4245,생일잔치,,https://krdicmedia.korean.go.kr/multimedia/multimedia_files/convert/20160913/10000/04000/319545/SND000328899.mp3
4246,생활,,https://krdicmedia.korean.go.kr/multimedia/multimedia_files/convert/20160913/10000/04000/329562/SND000338916.mp3
4247,생활하다,,https://krdicmedia.korean.go.kr/multimedia/multimedia_files/convert/20160913/10000/04000/318715/SND000328069.mp3
4249,샤부샤부,,
4250,샤워,,
4251,샤워실,,
4252,샤워하다,,
4253,샤프,,
4255,샴페인,,
4256,샴푸,,
4258,샴푸하다,,
4259,서너,,https://krdicmedia.korean.go.kr/multimedia/multimedia_files/convert/20160913/20000/13000/308008/SND000317362.mp3
4260,서넛,,https://krdicmedia.korean.go.kr/multimedia/multimedia_files/convert/20120604/93143/SND000081846.mp3
4261,서다,,https://krdicmedia.korean.go.kr/multimedia/multimedia_files/convert/20120603/92791/SND000081494.mp3
4263,서두르다,,https://krdicmedia.korean.go.kr/multimedia/multimedia_files/convert/20160913/20000/20000/318655/SND000328009.mp3
4265,서랍,,https://krdicmedia.korean.go.kr/multimedia/multimedia_files/convert/20120613/98731/SND000087434.mp3
4266,서로,,https://krdicmedia.korean.go.kr/multimedia/multimedia_files/convert/20120604/93549/SND000082252.mp3
4268,서로서로,,https://krdicmedia.korean.go.kr/multimedia/multimedia_files/convert/20160913/20000/20000/319260/SND000328614.mp3
4271,서류,,https://krdicmedia.korean.go.kr/multimedia/multimedia_files/convert/20120604/93556/SND000082259.mp3
4276,서른,,
4281,서비스,,
4286,서양,,
4291,서울,,
4296,서울역,,
4301,서점,,
4306,서쪽,,
4311,선물,,
4316,선배,,
4321,선생님,,
4326,선수,,
4331,선택하다,,
4336,선풍기,,
4341,설거지,,
4346,설날,,
4351,설렁탕,,
4356,설명,,
4361,설명하다,,
4366,설악산,,
4371,설탕,,https://krdicmedia.korean.go.kr/multimedia/multimedia_files/convert/20120603/92975/SND000081678.mp3
4376,섬,,
4381,성,,
4386,성격,,
4391,성함,,
4396,세,,
4401,세계,,
4406,세수하다,,
4411,세우다,,
4416,세일하다,,
4421,세탁기,,
4426,세탁소,,
4431,센터,,
4436,센티미터,,
4441,셋,,
4446,셋째,,
4451,셔츠,,
4456,소,,
4461,소개,,
4466,소개하다,,
4471,소고기,,
4476,소금,,
4481,소나무,,
4486,소리,,
4491,소설,,
4496,소설가,,
4501,소식,,
4506,소쿠리,,
4511,소파,,
4516,소포,,
4521,소풍,,
4526,소화제,,
4531,속,,
4536,손,,
4541,손가락,,
4546,손님,,
4551,손수건,,
4556,송이,,
4561,쇼핑,,
4566,수,,
4571,수건,,
4576,수도,,
4581,수돗물,,
4586,수박,,
4591,수술하다,,
4596,수업,,
4601,수영,,
4606,수영복,,
4611,수영장,,
4616,수영하다,,
4621,수요일,,
4626,수저,,
4631,수첩,,
4636,수학,,
4641,숙제,,
4646,순서,,
4651,숟가락,,
4656,술,,
4661,숲,,
4666,쉬다,,
4671,쉰,,
4676,쉽다,,
4681,슈퍼마켓,,
4686,스물,,
4691,스웨터,,
4696,스케이트,,
4701,스키,,
4706,스키장,,
4711,스타,,
4716,스타킹,,
4721,스트레스,,
4726,스페인어,,
4731,스포츠,,
4736,슬퍼하다,,
4741,슬프다,,
4746,습관,,
4751,시,,
4756,시간,,
4761,시간표,,
4766,시계,,
4771,시골,,
4776,시끄럽다,,
4781,시내,,
4786,시다,,
4791,시디,,
4796,시민,,
4801,시설,,
4806,시외,,
4811,시원하다,,
4816,시월,,
4821,시작,,
4826,시작되다,,
4831,시작하다,,
4836,시장,,
4841,시청,,
4846,시키다,,
4851,시험,,
4856,시험보다,,
4861,식당,,
4866,식사,,
4871,식사하다,,
4876,식탁,,
4881,신,,
4886,신다,,
4891,신문,,
4896,신발,,
4901,신청서,,
4906,신청하다,,
4911,실례,,
4916,실례하다,,
4921,실수,,
4926,싫다,,
4931,싫어하다,,
4936,심하다,,
4941,십,,
4946,십이월,,
4951,십일월,,
4956,싱겁다,,
4961,싶다,,
4966,싸다,,
4971,싸우다,,
4976,쌀,,
4981,쌀밥,,
4986,쌓다,,
4991,쌓이다,,
4996,썰다,,
5001,쓰기,,
5006,쓰다,,
5011,쓰레기,,
5016,쓰이다,,
5021,씨,,
5026,씩,,
5031,씹다,,
5036,씻다,,
5041,아가,,
5046,아가씨,,
5051,아기,,
5056,아까,,
5061,아내,,https://krdicmedia.korean.go.kr/multimedia/multimedia_files/convert/20120321/48530/SND000037233.mp3
5066,아뇨,,
5071,아니다,,
5076,아니오,,
5081,아니요,,
5086,아들,,
5091,아랍어,,
5096,아래,,
5101,아름답다,,
5106,아마,,
5111,아무,,
5116,아버님,,
5121,아버지,,
5126,아빠,,
5131,아시아,,
5136,아우,,
5141,아이,,
5146,아이구,,
5151,아이스크림,,
5156,아저씨,,
5161,아주,,
5166,아주머니,,
5171,아줌마,,
5176,아직,,
5181,아침,,https://krdicmedia.korean.go.kr/multimedia/multimedia_files/convert/20120321/48062/SND000036765.mp3
5186,아침밥,,
5191,아침식사,,
5196,아파트,,
5201,아프다,,
5206,아프리카,,
5211,아홉,,
5216,아흔,,
5221,악기,,
5226,안,,
5231,안,,
5236,안경,,
5241,안내하다,,
5246,안녕,,
5251,안녕하세요,,
5256,안녕하십니까,,
5261,안다,,
5266,안전하다,,
5271,앉다,,
5276,않다,,
5281,알다,,
5286,알리다,,
5291,알맞다,,
5296,알았습니다,,
5301,앞,,
5306,애,,
5311,액세서리,,
5316,야 하다,,
5321,야구,,
5326,야구장,,
5331,야채,,
5336,약,,
5341,약간,,
5346,약국,,
5351,약사,,
5356,약속,,
5361,얇다,,
5366,양,,
5371,양말,,
5376,양복,,
5381,양식,,
5386,양파,,
5389,얕다,,https://krdicmedia.korean.go.kr/multimedia/multimedia_files/convert/20120329/53333/SND000042036.mp3
5391,얘기,,
5396,얘기하다,,
5401,어,,
5406,어깨,,
5411,어느,,
5416,어둡다,,
5421,어디,,
5426,어떤,,
5431,어떻게,,
5436,어떻다,,
5441,어떻습니까?,,
5446,어렵다,,
5451,어른,,
5456,어리다,,
5461,어린이,,
5466,어머,,
5471,어머니,,
5476,어머님,,
5481,어버니,,
5486,어서,,
5491,어울리다,,
5496,어저께,,
5501,어제,,
5506,어젯밤,,
5511,어휘,,
5516,언니,,
5521,언제,,
5526,언제나,,
5531,얼굴,,
5536,얼마,,
5541,얼마나,,
5546,얼음,,
5551,엄마,,
5556,없다,,
5561,없이,,
5566,에,,
5571,에게,,
5576,에서,,
5581,에어컨,,
5586,엔,,
5591,엘리베이터,,
5596,여가,,
5601,여권,,
5606,여기,,
5611,여기저기,,
5616,여덟,,
5621,여동생,,
5626,여든,,
5631,여러,,
5636,여러가지,,
5641,여러분,,
5646,여름,,
5651,여보세요,,
5656,여섯,,
5661,여자,,https://krdicmedia.korean.go.kr/multimedia/multimedia_files/convert/20120330/53620/SND000042323.mp3
5666,여학생,,
5671,여행,,
5676,여행사,,
5681,역,,
5686,역사,,
5691,연결하다,,
5696,연락처,,
5701,연세,,
5706,연습,,
5711,연습하다,,
5716,연예인,,
5721,연필,,
5726,연휴,,
5731,열,,
5736,열다,yeor**ː**da,https://krdicmedia.korean.go.kr/multimedia/multimedia_files/convert/20160913/30000/21000/322680/SND000332034.mp3
5741,열리다,,
5746,열쇠,,
5751,열심히,,
5756,열차,,
5761,엽서,,https://krdicmedia.korean.go.kr/multimedia/multimedia_files/convert/20120413/62060/SND000050763.mp3
5766,엾다,,
5771,영,,
5776,영국,,
5781,영상,,
5786,영어,,
5791,영어회화,,
5796,영하,,
5801,영화,,
5806,영화관,,
5811,영화배우,,
5816,영화표,,
5821,옆,,
5826,예,,
5831,예문,,
5836,예쁘다,,
5841,예순,,
5846,예약,,
5851,옛날,ye**nː**nal,https://krdicmedia.korean.go.kr/multimedia/multimedia_files/convert/20160913/30000/21000/313790/SND000323144.mp3
5856,오,,
5861,오늘,,
5866,오다,,
5871,오래,,
5876,오래간만,,
5881,오래간만입니다,,
5886,오랜만,,
5891,오랜만에,,
5896,오랫동안,,
5901,오렌지,,
5906,오르다,,
5911,오른쪽,,
5916,오리,,
5921,오빠,,https://krdicmedia.korean.go.kr/multimedia/multimedia_files/convert/20120326/51550/SND000040253.mp3
5926,오십,,
5931,오월,,
5936,오이,,
5941,오전,,
5946,오징어,,
5951,오후,,
5956,올라가다,,
5961,올라오다,,
5966,올려놓다,,
5971,올림픽,,
5976,올해,,
5981,옮기다,,
5986,옷,,
5991,옷가게,,
5996,옷장,,
5999,-와,,
6001,와이셔츠,,
6006,왜,,
6011,왜냐하면,,
6016,외가,,
6021,외국,,
6026,외국어,,
6031,외국인,,
6036,외래어,,
6041,외롭다,,
6046,외삼촌,,
6051,외숙모,,
6056,외우다,,
6061,외출하다,,
6066,외할머니,,
6071,외할아버지,,
6076,왼쪽,,
6081,요금,,
6086,요르단,,
6091,요리,,
6096,요일,,
6101,요즈음,,
6106,요즘,,
6111,우리,,
6116,우리나라,,
6121,우산,,
6126,우선,,
6131,우유,,
6136,우체국,,
6141,우표,,
6146,운동,,
6151,운동복,,
6156,운동선수,,
6161,운동장,,
6166,운동하다,,
6171,운동화,,
6176,운전하다,,
6181,울다,,
6186,울리다,,
6191,움직이다,,
6196,웃기다,,
6201,웃다,,
6206,원,,
6211,원피스,,
6216,원하다,,
6221,월,,
6226,월급,,
6231,월드컵,,
6236,월세,,
6241,월요일,,
6246,웬일,,
6251,위,,
6256,위치,,
6261,위하다,,
6266,위험하다,,
6271,유럽,,
6276,유리,,
6281,유명하다,,
6286,유월,,
6291,유학,,
6296,유학생,,
6301,유행,,
6306,육,,
6311,육십,,
6316,으로,,
6321,은는,,
6326,은행,,
6331,은행원,,
6336,을 줄알다,,
6341,음료수,,
6346,음반,,
6351,음식,,
6356,음악,,
6361,음악가,,
6366,응,,
6371,의미,,
6376,의사,,
6381,의자,,
6387,이,,
6386,-이,,
6391,이거,,
6396,이것,,
6401,이곳,,
6406,이따가,,
6411,이런,,
6416,이렇게,,
6421,이렇다,,
6426,이름,,
6431,이리,,
6436,이메일,,
6441,이모,,
6446,이모부,,
6451,이번,,
6456,이분,,
6461,이사,,
6466,이상,,
6471,이상하다,,
6476,이십,,
6481,이야기,,
6486,이야기하다,,
6491,이용,,
6496,이용하다,,
6501,이월,,
6506,이유,,
6511,이제,,
6516,이집트,,
6521,이쪽,,
6526,이틀,,
6531,이해,,
6536,이해하다,,
6541,인,,
6546,인 것 같다,,
6551,인구,,
6556,인기,,
6561,인기스타,,
6566,인도,,
6571,인사,,
6576,인사하다,,
6581,인삼,,
6586,인상,,
6591,인천,,
6596,인터넷,,
6601,인터뷰하다,,
6606,인형,,
6611,일,,
6616,일곱,,
6621,일기,,
6626,일기예보,,
6631,일본,,
6636,일본드라마,,
6641,일본말,,
6646,일본사람,,
6651,일본어,,
6656,일본요리,,
6661,일상생활,,
6666,일식,,
6671,일어나다,,
6676,일어서다,,
6681,일요일,,
6686,일월,,
6691,일주일,,
6696,일찍,,
6701,일하다,,
6706,일흔,,
6711,읽기,,
6716,읽다,,
6721,잃다,,
6726,잃어버리다,,
6731,입,,
6736,입구,,
6741,입다,,
6746,입술,,
6751,입원하다,,
6756,입학,,
6761,있다,,
6766,잊다,,
6771,잊어버리다,,
6776,잎,,
6781,자,,
6786,자기,,
6791,자다,,
6796,자동차,,
6801,자동차회사,,
6806,자료,,
6811,자르다,,
6816,자리,,
6821,자신,,
6826,자연,,
6831,자유,,
6836,자장면,,
6841,자전거,,
6846,자주,,
6851,작년,,
6856,작다,,
6861,작은아버지,,
6866,작은어머니,,
6871,잔,,
6876,잔돈,,
6881,잔치,,
6886,잘,,
6891,잘못,,
6896,잘생기다,,
6901,잘하다,,
6906,잠,,
6911,잠깐,,
6916,잠시,,
6921,잠자다,,
6926,잡다,,
6931,잡수시다,,
6936,잡지,,
6941,장,,
6946,장갑,,
6951,장마,,
6956,장마철,,
6961,장미,,
6966,장소,,
6971,장점,,
6976,재료,,
6981,재미,,
6986,재미없다,,
6991,재미있다,,
6996,재킷,,
7001,저,,
7006,저거,,
7011,저것,,
7016,저고리,,
7021,저곳,,
7026,저기,,
7031,저기서,,
7036,저녁,,https://krdicmedia.korean.go.kr/multimedia/multimedia_files/convert/20120422/67415/SND000056118.mp3
7041,저녁식사,,
7046,저렇게,,
7051,저리,,
7056,저분,,
7061,저쪽,,
7066,저희,,
7071,적,,
7076,적다,,
7081,전,,
7086,전공,,
7091,전기자동차,,
7096,전부,,
7101,전자사전,,
7106,전철,,
7111,전하다,,
7116,전혀,,
7121,전화,,
7126,전화기,,
7131,전화번호,,
7136,전화하다,,
7141,절,,
7146,절대,,
7151,젊다,,
7156,점,,
7161,점수,,
7166,점심,jeom**ː**sim,https://krdicmedia.korean.go.kr/multimedia/multimedia_files/convert/20160913/20000/12000/326886/SND000336240.mp3
7171,점심시간,,
7176,점심식사,,
7181,점원,,
7186,점퍼,,
7191,젓가락,,
7196,정거장,,
7201,정도,,
7206,정류낭,,
7211,정류장,,
7216,정리하다,,
7221,정말,,
7226,정문,,
7231,정보,,
7236,정하다,,
7241,제,,
7246,제가,,
7251,제목,,
7256,제일,je**ː**il,https://krdicmedia.korean.go.kr/multimedia/multimedia_files/convert/20120421/66819/SND000055522.mp3
7261,제주다,,
7266,제주도,,
7271,조금,,
7276,조사하다,,
7281,조선,,
7286,조선말,,
7291,조선어,,
7296,조심하다,,
7301,조용하다,,
7306,조용히,,
7311,조카,,
7316,졸업,,
7321,졸업하다,,
7326,좀,,
7331,좀더,,
7336,좁다,,
7341,종로,,
7346,종류,,
7351,종업원,,
7356,종이,,
7361,종일,,
7366,좋다,,
7371,좋아하다,,
7376,죄송하다,,
7381,주,,
7386,주다,,
7391,주로,,
7396,주말,,
7401,주머니,,
7406,주무시다,,
7411,주문하다,,
7416,주변,,
7421,주부,,
7426,주사,,
7431,주소,,
7436,주스,,
7441,주위,,
7446,주인,,
7451,주일,,
7456,주차장,,
7461,주차하다,,
7466,주황색,,
7471,죽,,
7476,죽다,,
7481,준비,,
7486,준비하다,,
7491,줄,,
7496,줄다,,
7501,중,,
7506,중국,,
7511,중국어,,
7516,중국집,,
7521,중식,,
7526,중심,,
7531,중요,,
7536,중요하다,,
7541,중학교,,
7546,중학생,,
7551,즐거워하다,,
7556,즐겁다,,
7561,즐기다,,
7566,증세,,
7571,지각,,
7576,지각하다,,
7581,지갑,,
7586,지구,,
7591,지금,,
7596,지나다,,
7601,지난,,
7606,지난달,,
7611,지난번,,
7616,지난주,,
7621,지내다,,
7626,지다,,
7631,지도,,
7636,지만,,
7641,지방,,
7646,지우개,,
7651,지키다,,
7656,지하,,
7661,지하도,,
7666,지하철,,
7671,지하철역,,
7676,직업,,
7681,직원,,
7686,직장,,
7691,직접,,
7696,진달래,,
7698,진짜,,
7701,질,,
7706,질문,,
7711,질문하다,,
7716,짐,,
7721,집,,
7726,짓다,,
7731,짜다,,
7736,짜리,,
7741,짧다,,
7746,쪽,,
7751,쯤,,
7756,찌개,,
7761,찌르다,,
7766,찍다,,
7771,차,,
7776,차갑다,,
7781,차다,,
7786,차리다,,
7791,착하다,,
7796,참,,
7801,찻값,,
7806,창문,,
7811,찾다,,
7816,찾아가다,,
7821,찾아오다,,
7826,채소,,
7831,책,,
7836,책방,,
7841,책상,,
7846,책임,,
7851,책장,,
7856,처음,,
7861,처음 뵙겠습니다,,
7866,천,,
7871,천천히,,
7876,철,,
7881,첫,,
7886,첫째,,
7891,청바지,,
7896,청소기,,
7901,청소하다,,
7906,체조,,
7911,초,,
7916,초대하다,,
7921,초등학교,,
7926,초등학생,,
7931,초록색,,
7936,초콜릿,,
7941,촬영하다,,
7946,최고,,
7951,추다,,
7956,추석,,
7961,추억,,
7966,추워요,,
7971,축구,,
7976,축제,,
7981,축하,,
7986,축하하다,,
7991,축하합니다,,
7996,출구,,
8001,출근하다,,
8006,출발,,
8011,출발하다,,
8016,출장,,
8021,춤,,
8026,춤추다,,
8031,춥다,,
8036,취미,,
8041,취소하다,,
8046,취직하다,,
8051,층,,
8056,치과,,
8061,치다,,
8066,치료하다,,
8071,치마,,
8076,치약,,
8081,친구,,
8086,친절하다,,
8091,친척,,
8096,친하다,,
8101,칠,,
8106,칠십,,
8111,칠월,,
8116,칠판,,
8121,침대,,
8126,칫솔,,
8131,카드,,
8136,카레,,
8141,카메라,,
8146,카페,,
8151,칼,,
8156,캐나다,,
8161,커피,,
8166,커피숍,,
8171,컴퓨터,,
8176,컵,,
8181,케이크,,
8186,켜다,,
8191,코,,
8196,코트,,
8201,코피,,
8206,콜라,,
8211,콧노래,,
8216,콧물,,
8221,콩,,
8226,크기,,
8231,크다,,
8236,크리스마스,,
8241,큰아버지,,
8246,큰어머니,,
8251,키,,
8256,킬로그램,,
8261,킬로미터,,
8266,타다,,https://krdicmedia.korean.go.kr/multimedia/multimedia_files/convert/20120619/102587/SND000091290.mp3
8271,타드,,
8276,타월,,
8281,타자기,,
8286,탁구,,
8291,태국,,
8296,태권도,,
8301,태어나다,,
8306,태풍,,
8311,택시,,
8316,탤런트,,
8321,터미널,,
8326,테니스,,
8331,테이블,,
8336,테이프,,
8341,텔레비전,,
8343,토끼,,https://krdicmedia.korean.go.kr/multimedia/multimedia_files/convert/20160913/40000/38000/341515/SND000350869.mp3
8346,토마토,,
8351,토요일,,
8356,톨라,,
8361,통,,
8366,통장,,
8371,통하다,,
8376,퇴근하다,,
8381,투수,,
8386,투우사,,
8391,특별히,,
8396,특징,,
8401,특히,,
8406,틀다,,
8411,틀리다,,
8416,티셔츠,,
8421,팀,,
8426,파,,
8431,파도,,
8436,파란색,,
8441,파랗다,,
8446,파리,,
8451,파티,,
8456,팔,,
8461,팔다,,
8466,팔리다,,
8471,팔십,,
8476,팔월,,
8481,패션,,
8486,퍼센트,,
8491,페이지,,
8496,펜,,
8501,펴다,,
8506,편,,
8511,편지,,
8516,편하다,,
8521,평양,,
8526,평일,,
8531,폐,,
8536,포도,,
8541,포장,,
8546,표,,
8551,표현,,
8556,푹,,
8561,풀,,
8566,풀다,,
8571,프랑스,,
8576,프로그램,,
8581,프린트,,
8586,피,,
8591,피곤하다,,
8596,피다,,
8601,피아노,,
8606,피우다,,
8611,피자,,
8616,필름,,
8621,필요,,
8626,필요하다,,
8631,필통,,
8636,하고,,
8641,하나,,
8646,하늘,,
8651,하늘색,,
8656,하다,,
8661,하루,,
8666,하숙,,
8671,하숙집,,
8676,하얀색,,
8681,하얗다,,
8686,하지만,,
8691,학,,
8696,학교,,
8701,학기,,
8706,학년,,
8711,학생,,
8716,학생증,,
8721,학원,,
8726,한,,
8731,한강,,
8736,한국,,
8741,한국드라마,,
8746,한국말,,
8751,한국사람,,
8756,한국어,,
8761,한국요리,,
8766,한글,,
8771,한번,,
8776,한복,,
8781,한식,,
8786,한자,,
8791,한테,,
8796,한테서,,
8801,할머니,,
8806,할아버지,,
8811,할인,,
8816,함께,,
8821,합격,,
8826,항상,,
8831,해,,
8836,해외,,
8841,해외여행,,
8846,핸드폰,,
8851,햄버거,,
8856,햇빛,,
8861,행복,,
8866,행복하다,,
8871,행사,,
8876,허리,,
8881,현금,,
8886,현재,,
8891,형,,https://krdicmedia.korean.go.kr/multimedia/multimedia_files/convert/20160913/10000/03000/341962/SND000351316.mp3
8896,형님,,
8901,형제,,
8906,호,,
8911,호랑이,,
8916,호선,,
8921,호수,,
8926,호주,,
8931,호텔,,
8936,혼자,,
8941,홈페이지,,
8946,홍차,,
8951,화,,
8956,화가,,
8961,화구,,
8966,화나다,,
8971,화내다,,
8976,화요일,,
8981,화장실,,
8986,화장품,,
8991,화장하다,,
8996,확인하다,,
9001,환영하다,,
9006,환자,,
9011,회관,,
9016,회사,,
9021,회사원,,
9026,회색,,
9031,회의,,
9036,횡단보도,,
9041,후,,
9046,후배,,
9051,휴가,,
9056,휴대전화,,
9061,휴일,,
9066,휴지,,
9071,휴지통,,
9076,흐리다,,
9081,흰색,,
9086,히읗,,
9091,힘,,
