編號,詞語,義項,翻譯,TL,POJ,語句編號,語句,音檔,語句翻譯,翻譯TL,翻譯POJ
6,가게,26900002,店,tiàm,tiàm,269000021,꽃 가게,,花店,hue-tiàm,hoe-tiàm
6,가게,26900002,店,tiàm,tiàm,269000022,가게 주인,,店頭家,tiàm-thâu-ke,tiàm-thâu-ke
6,가게,26900002,彼間賣菜的,hit king bē-tshài--ê,hit keng bē-chhài--ê,269000023,집 근처의 **야채 가게**는 야채가 좋고 값이 싸서 손님이 매우 많다.,,阮兜四箍圍仔彼間賣菜的，菜有鮮閣俗，所以人客蓋濟。,"Guán tau sì-khoo-uî-á hit king bē-tshài--ê, tshài ū tshinn koh sio̍k, sóo-í lâng-kheh kài tsē.","Goán tau sì-kho͘-ûi-á hit keng bē-chhài--ê,  chhài ū chhiⁿ koh sio̍k,  só͘-í lâng-kheh kài chē."
11,가격,26900003,價,kè,kè,269000031,오랜 장마 때문에 채소와 과일 가격이 올랐다.,,黃酸雨直直落，青菜佮果子煞起價。,"N̂g-sng-hōo ti̍t-ti̍t lo̍h, tshenn-tshài kah kué-tsí suah khí-kè.","N̂g-sng-hō͘ ti̍t-ti̍t lo̍h, chheⁿ-chhài kah kóe-chí soah khí-kè."
16,가구,26900004,家具,ka-kù,ka-kù,269000041,"선생님 집 거실에는 장식장, 소파 같은 가구가 많이 놓여 있었다.",,老師𪜶兜囥足濟玻璃門櫥仔抑是膨椅彼款的家具。,Lāu-su in tau khǹg tsiok tsē po-lê-mn̂g-tû-á kah phòng-í hit khuán ê ka-kù.,Lāu-su in tau khǹg chiok chē po-lê-mn̂g-tû-á kah phòng-í hit khoán ê ka-kù.
21,가깝다,26900005,近,kīn,kīn,269000051,집이 학교에서 **가까워요**.,,學校對阮厝裡過蓋近。,Ha̍k-hāu tuì guán tshù--lí kuè kài kīn.,Ha̍k-hāu tùi goán chhù--lí kòe kài kīn.
21,가깝다,26900006,親,tshin,chhin,269000061,친형제처럼 가깝다,,像親兄弟仔遐**親**,tshiūnn tshin hiann-tī-á hiah **tshin**,chhiūⁿ chhin hiaⁿ-tī-á hiah **chhin**
26,가꾸다,26900007,種,tsìng,chèng,269000071,화단을 가꾸다,,種花,tsìng hue,chèng hoe
26,가꾸다,26900008,保養,pó-ióng,pó-ióng,269000081,몸매를 가꾸다,,保養身材,pó-ióng sin-tsâi,pó-ióng sin-châi
31,가끔,26900009,有時,ū-sî,ū-sî,269000091,나는 술을 거의 마시지 않지만 힘든 일이 있을 때면 가끔 마시곤 한다.,,我平常真少食酒，毋過有時若較失志就會啉一杯。,"Guá pîng-siông tsin tsió tsia̍h tsiú, m̄-koh ū-sî nā khah sit-tsì tō ē lim--tsi̍t-pue.","Góa pêng-siông chin chió chia̍h chiú, m̄-koh ū-sî nā khah sit-chì tō ē lim--chi̍t-poe."
36,갈,26900010,去,khì,khì,269000101,나는 친구에게 **갈** 때마다 책을 빌려 왔다.,,逐擺去朋友遐，我攏會共伊借冊。,"Ta̍k-pái khì pîng-iú hia, guá lóng ē kā i tsioh tsheh.","Ta̍k-pái khì pêng-iú hia, góa lóng ē kā i chioh chheh."
41,가르쳤다,26900011,教,kà,kà,269000111,선생님은 아이들에게 컴퓨터를 켜는 방법을 **가르쳤다**.,,老師教彼寡囡仔按怎共電腦開開。,Lāu-su kà hit kuá gín-á án-tsuánn kā tiān-náu khui--khui.,Lāu-su kà hit kóa gín-á án-chóaⁿ kā tiān-náu khui--khui.
46,가방,26900012,冊包,tsheh-pau,chheh-pau,269000121,수업 시간이 되자 학생들은 가방에서 교과서와 공책을 꺼냈다.,,上課時間到，學生仔就會共課本佮簿仔紙對冊包提出來。,"Siōng-khò sî-kan kàu, ha̍k-sing-á tō ē kā khò-pún kah phōo-á-tsuá tuì tsheh-pau the̍h--tshut-lâi.","Siōng-khò sî-kan kàu, ha̍k-seng-á tō ē kā khò-pún kah phō͘-á-chóa tùi chheh-pau the̍h--chhut-lâi."
51,가볍다,26900013,輕,khin,khin,269000131,이 노트북은 아주 **가벼**워서 들고 다니기가 매우 편리하다.,,這台隨身電腦蓋輕，紮咧行誠利便。,"Tsit tâi suî-sin-tiān-náu kài khin, tsah teh kiânn tsiânn lī-piān.","Chit tâi sûi-sin-tiān-náu kài khin, chah teh kiâⁿ chiâⁿ lī-piān."
56,가수,26900014,歌手,kua-tshiú,koa-chhiú,269000141,사회자의 소개에 이어 유명 가수가 나와 노래를 불렀다.,,主持人紹介了，彼个有名的歌手就行出來唱歌。,"Tsú-tshî-jîn siāu-kài-liáu, 	hit ê ū-miâ ê kua-tshiú tō kiânn tshut-lâi tshiùnn kua.","Chú-chhî-jîn siāu-kài-liáu, 	hit ê ū-miâ ê koa-chhiú tō kiâⁿ chhut-lâi chhiùⁿ koa."
61,가슴,26900015,胸坎,hing-khám,heng-khám,269000151,어머니는 아이를 가슴에 꼭 안았다.,,阿母共紅嬰仔攬佇胸坎攬牢牢。,A-bú kā âng-enn-á lám tī hing-khám lám-tiâu-tiâu.,A-bú kā âng-eⁿ-á lám tī heng-khám lám-tiâu-tiâu.
66,가요,26900016,歌,kua,koa,269000161,노래방에 가서 가요를 불렀다,,去KTV唱歌,khì KTV tshiùnn kua,khì KTV chhiùⁿ koa
71,가운데,26900017,中央,tiong-ng,tiong-ng,269000171,길 가운데,,路中央,lōo tiong-ng,lō͘ tiong-ng
71,가운데,26900017,中央,tiong-ng,tiong-ng,269000172,우체국은 꽃 가게와 은행 가운데에 있어요.,,郵局就佇花店佮銀行兩个中央。,Iû-kiok tō tī hue-tiàm kah gîn-hâng nn̄g ê tiong-ng.,Iû-kiok tō tī hoe-tiàm kah gîn-hâng nn̄g ê tiong-ng.
76,가위,26900018,鉸刀,ka-to,ka-to,269000181,두꺼운 옷감을 자르려면 큰 가위가 필요하다.,,鉸較厚的布，著愛用大支鉸刀。,"Ka khah kāu ê pòo, tio̍h-ài iōng tuā ki ka-to.","Ka khah kāu ê pò͘, tio̍h-ài iōng tōa ki ka-to."
86,가장,26900020,上,siōng,siōng,269000201,적도 지방은 지구에서 가장 더운 곳이다.,,赤道地區是專地球上熱的所在。,Tshik-tō tē-khu sī tsuan sè-kài siōng jua̍h ê sóo-tsāi.,Chhek-tō tē-khu sī choan sè-kài siōng joa̍h ê só͘-chāi.
91,가져가다,26900021,,,,269000211,학생은 선생님에게 숙제를 **가져가** 검사를 받았다.,,學生仔**提**功課**去**請老師檢查。,Ha̍k-sing-á **the̍h** kong-kò **khì** tshiánn lāu-su kiám-tsa.,Ha̍k-seng-á **the̍h** kong-kò **khì** chhiáⁿ lāu-su kiám-cha.
96,가져오다,26900022,,,,269000221,선생님은 학생들에게 만화책을 학교에 **가져오**지 말라고 주의를 주셨다.,,老師共學生提醒講莫**紮**尪仔冊**來**學校。,Lāu-su kā ha̍k-sing thê-tshénn kóng mài **tsah** ang-á-tsheh **lâi** ha̍k-hāu.,Lāu-su kā ha̍k-seng thê-chhéⁿ kóng mài **chah** ang-á-chheh **lâi** ha̍k-hāu.
101,가족,26900023,兜,tau,tau,269000231,"우리 가족은 어머니, 아버지, 나, 여동생 모두 넷이에요.",,阮兜有阮爸阮媽、我、佮阮小妹，總共四个人。,"Guán tau ū guán pâ guán má, guá, kah guán sió-muē, tsóng-kiōng sì ê lâng.","Goán tau ū goán pâ goán má, góa, kah goán sió-mōe, chóng-kiōng sì ê lâng."
106,가지,26900024,種,tsióng,chióng,269000241,이 사탕은 여러 가지 맛이 난다.,,這个糖仔有出幾若種口味。,Tsit ê thn̂g-á ū tshut kuí-nā tsióng kháu-bī.,Chit ê thn̂g-á ū chhut kúi-nā chióng kháu-bī.
106,가지,26900025,樹枝,tshiū-ki,chhiū-ki,269000251, 가지를 꺾다,,共樹枝遏斷,kā tshiū-ki at-tn̄g,kā chhiū-ki at-tn̄g
111,가지다,26900026,有,ū,ū,269000261,내가 **가진** 돈이라고는 천 원이 전부였다.,,我甘焦有一千韓票爾。,Guá kan-na ū tsi̍t-tshing Hân-phiò niā.,Góa kan-na ū chi̍t-chheng Hân-phiò niā.
116,가짜,26900027,假,ké,ké,269000271,남자는 가짜 돈을 만들어 쓰다가 경찰에게 붙잡혔다.,,彼个查埔因為製造假錢來開，去予警方掠起來。,"Hit ê tsa-poo in-u ītsè-tsō ké-tsînn lâi khai, khì hōo kíng-hong  lia̍h--khí-lâi.","Hit ê cha-po͘ in-u itsè7-chō ké-chîⁿ lâi khai, khì hō͘ kéng-hong  lia̍h--khí-lâi."
1576,남동생,26900053,小弟,sió-tī,sió-tī,269000531,누나는 어린 남동생만 집에 두고 놀러 가는 것이 마음에 걸렸다.,,阿姊無放心放小弟佇厝裡，家己出去𨑨迌。,"A-tsí bô hòng-sim pàng sió-tī tī tshù--lí, ka-ki tshu-khì tshit-thô.","A-chí bô hòng-sim pàng sió-tī tī chhù--lí, ka-ki chhu-khì chhit-thô."
1591,남자,26900054,查埔,tsa-poo,cha-po͘,269000541,미혼 남자,,十一哥,tsa̍p-it-ko,cha̍p-it-ko
1591,남자,26900054,查埔,tsa-poo,cha-po͘,269000542,교실에서 남자 학생들이 무거운 책상을 옮겼다.,,教室內底，查埔學生仔搬重的冊桌仔。,"Kàu-sik lāi-té, tsa-poo ha̍k-sing-á puann tāng ê tsheh-toh-á.","Kàu-sek lāi-té, cha-po͘ ha̍k-seng-á poaⁿ tāng ê chheh-toh-á."
1596,남쪽,26900055,南爿,lâm-pîng,lâm-pêng,269000551,하늘에는 몇 대의 비행기가 남쪽을 향해 날아가고 있었다.,,天頂幾若隻飛行機飛往南爿。,Thinn-tíng kuí-nā tsiah hue-lîng-ki pue-óng lâm-pîng.,Thiⁿ-téng kúi-nā chiah hoe-lêng-ki poe-óng lâm-pêng.
1601,남편,26900056,翁,ang,ang,269000561,언니는 올해 결혼하여 멋진 남편을 얻었다.,,阮姊仔舊年結婚，嫁了一个好翁。,"Guán tsí--á kū-nî kiat-hun, kè liáu tsi̍t ê hó ang.","Goán chí--á kū-nî kiat-hun, kè liáu chi̍t ê hó ang."
1611,낮,26900057,日時仔,ji̍t--sî-á,ji̍t--sî-á,269000571,여름은 낮이 길고 밤이 짧은 계절이다.,,熱天日時仔長、暗時仔短。,"Jua̍h-thinn ji̍t--sî-á tn̂g, àm-sî té.","Joa̍h-thiⁿ ji̍t--sî-á tn̂g, àm-sî té."
1616,낮다,26900058,低,kē,kē,269000581,책상이 **낮**아서 오랫동안 공부를 하면 허리가 아프다.,,冊桌仔傷低，害我讀冊就尻脊骿痠疼。,"Tsheh-toh-á siunn kē, hāi guá tha̍k-tsheh tō kha-tsiah-phiann sng-thiànn.","Chheh-toh-á siuⁿ kē, hāi góa tha̍k-chheh tō kha-chiah-phiaⁿ sng-thiàⁿ."
1656,내리다,26900059,落車,lo̍h-tshia,lo̍h-chhia,269000591,역에 내리다,,佇車站落車,tī tshia-tsām lo̍h-tshia,tī chhia-chām lo̍h-chhia
1656,내려요,26900060,落,lo̍h,lo̍h,269000601,비가 많이 **내려요**.,,落大雨,lo̍h tuā-hōo,lo̍h tōa-hō͘
